asn,cc,name,cone,unsigned_customers,bad_pct
3356,US,Lumen (Level 3),66965,33566,48.11777860603802
6939,US,Hurricane Electric LLC,67536,33416,49.598503851691326
1299,SE,Arelion (fka. Telia Carrier),46293,31517,46.31243295666613
174,US,"Cogent Communications, LLC",64379,31410,46.83166840614283
3257,US,GTT Communications Inc.,29711,28109,45.53023308550788
2914,US,"NTT America, Inc.",28413,26850,45.22105263157894
6453,US,TATA Communications (America) Inc,8397,26138,46.02003626952128
6461,US,Zayo Bandwidth,42412,26044,46.65293327362293
701,US,Verizon Business,4108,24966,46.810664866689166
6762,IT,Telecom Italia Sparkle (Seabone),10752,24363,43.61829737713723
5511,FR,Orange S.A.,2025,23811,43.761371781441255
3491,US,"PCCW Global, Inc.",8388,23335,44.56050566196269
9002,GB,RETN Limited,44152,23063,43.94794008918023
4637,HK,Telstra Global,4847,22940,44.78282088823817
15412,GB,Flag Telecom UK Limited,292,22466,44.37290144183291
4826,AU,Vocus Connect International Backbone,11299,22406,44.34460783343559
1221,AU,Telstra Limited,564,22406,44.34460783343559
12956,ES,Telxius (Telefonica Global),1484,22245,46.282040612516646
3320,DE,Deutsche Telekom AG,4277,21877,43.87333547248516
58453,HK,China Mobile International,429,21395,44.26215942238865
7473,SG,Singapore Telecommunications Ltd,336,21365,44.40495489878206
9498,IN,Bharti Airtel Ltd.,8024,20369,44.13842420039872
7018,US,"AT&T Enterprises, LLC",5273,20240,49.1667881261235
4755,IN,TATA Communications (formerly VSNL),2266,19947,44.394738599185416
1273,EU,Vodafone Group PLC,450,19833,44.389981870677495
9583,IN,Sify Limited,623,19272,44.650386914415456
55836,IN,Reliance Jio Infocomm Limited,392,19272,44.650386914415456
55410,IN,Vodafone Idea Ltd,322,19272,44.650386914415456
24482,SG,SG.GS,64799,19127,46.49811595964507
33891,XX,Core-Backbone GmbH,34949,19015,46.22359433113742
7195,CO,EdgeUno,1125,18696,46.57001942908384
7474,AU,SingTel Optus Pty Ltd,320,18575,46.662647273092674
4766,KR,Korea Telecom,1090,18520,47.59090325067455
9318,KR,SK Broadband Co Ltd,569,18416,47.51657765048895
57463,BG,NetIX Communications JSC,98,18403,47.084559293846745
52320,CO,V.tal (GlobeNet),135,18394,47.04347826086956
10429,BR,Vivo (TELEFÔNICA BRASIL),498,18211,47.17264603030695
8452,EG,Telecom Egypt,70,18128,47.12365801034599
22356,BR,Durand do Brasil Ltda,52,18112,47.07594739304465
31500,AG,Global Network Management Inc,414,18086,47.036487997711376
20485,RU,JSC TransTeleKom,28175,18076,47.061886537009556
12389,RU,Rostelecom PJSC,13483,18076,47.061886537009556
9304,HK,HGC Global Communications Limited,6105,18076,47.061886537009556
8966,AE,Etisalat (ETC),5921,18076,47.061886537009556
7713,ID,PT Telkom Indonesia Tbk,5793,18076,47.061886537009556
52468,PA,UFINET PANAMA S.A.,4422,18076,47.061886537009556
31133,RU,MegaFon PJSC,2779,18076,47.061886537009556
32787,US,Akamai (Prolexic),2437,18076,47.061886537009556
8359,RU,MTS PJSC,1321,18076,47.061886537009556
20764,RU,CJSC RASCOM,1087,18076,47.061886537009556
37468,AO,Angola Cables,942,18076,47.061886537009556
13786,US,"Seaborn (Seabras USA, LLC)",753,18076,47.061886537009556
23764,HK,China Telecom Global,678,18076,47.061886537009556
62255,SI,BiMajLink d.o.o.,526,18076,47.061886537009556
3216,RU,Vimpelcom PJSC,38203,18075,47.05928298055143
16735,BR,Algar Telecom,2656,18075,47.05928298055143
35598,RU,INETCOM CARRIER LLC,865,18075,47.05928298055143
7738,BR,V.tal,196,18075,47.05928298055143
8167,BR,V.tal,139,18075,47.05928298055143
7922,US,"Comcast Cable Communications, LLC",203,10476,43.83080205849127
264409,BR,Huge Networks,389,10378,48.54750432708051
5405,DE,Inter.link GmbH,2316,10202,44.128206237294
26615,BR,TIM S/A,178,9644,48.44283705043198
262589,BR,SAMM,144,9252,47.38783036263061
22381,BR,SAMM (Megatelecom),287,9081,47.52957186224223
137409,AU,GSL Networks Pty LTD,954,8678,44.37285882292785
53062,BR,ALT | GRUPO BRASIL TECPAR,1482,8660,47.17289465083343
6663,RO,Türk Telekom International,158,8587,44.80563527263241
14840,BR,BR.DIGITAL ,1632,8469,46.77196664273485
8529,AE,Zain Omantel International FZ-LLC,106,8389,45.002950485488974
267613,BR,ELETRONET S.A.,429,8360,46.65699296796518
9121,TR,Turk Telekom,508,8278,43.771150592216586
37662,MU,West Indian Ocean Cable Company (WIOCC),508,8245,46.53722413501157
34984,TR,Superonline Iletisim Hizmetleri A.S.,321,8239,44.343379978471475
29049,AZ,Delta Telecom Ltd,69,8168,45.15451379291282
13335,US,"Cloudflare, Inc.",19848,8043,46.31997235659986
30844,GB,Liquid Intelligent Technologies ,553,8043,46.31997235659986
37100,MU,SEACOM Limited,534,8043,46.31997235659986
6830,NL,Liberty Global Europe Holding B.V.,276,6982,38.52137931034483
8220,GB,COLT,6793,5755,40.306765653452864
28917,LT,"Fiord Networks, UAB",506,5512,42.978557504873294
1031,US,PEER 1031 LLC,328,5188,56.342311033883576
2497,JP,Internet Initiative Japan Inc.,452,4827,49.36592350173859
3549,US,Lumen (fka. Global Crossing),700,4463,42.91758822963747
15830,NL,"Equinix, Inc.",3465,4414,48.52149060129713
3741,ZA,Dimension Data,88,4387,42.87529319781079
39386,SA,Saudi Telecom Company JSC,71,4308,40.760715299460685
8708,RO,DIGI ROMANIA S.A.,512,4261,38.515773298381994
9049,RU,"JSC ""ER-Telecom Holding""",1008,4242,42.42
50384,XX,W-IX Route Servers,70,4209,41.187983168607495
23520,US,"Columbus Networks USA, Inc.",547,4185,40.36847689784894
3223,GB,Voxility LLP,760,4173,39.50582220959954
60171,ES,AFR-IX TELECOM S.A.,186,4097,42.15020576131687
16637,ZA,MTN SA (Bayobab),111,4028,41.94522545038009
38255,CN,China Education and Research Network (CERNET),4183,3941,100.0
35280,FR,F5 Networks SARL,50890,3926,44.46206115515289
8218,FR,Zayo Europe,3466,3844,38.169000099295005
37271,ZA,Workonline Communications(Pty) Ltd,177,3761,40.86266840504128
7545,AU,TPG Telecom Limited,427,3690,45.84990059642147
2764,AU,AAPT Limited,84,3690,45.84990059642147
18678,CO,INTERNEXA S.A. E.S.P,173,3688,40.21371715189183
50263,PL,A-Systems Sp. z o.o.,377,3679,42.73931226765799
29076,RU,Citytelecom LLC,343,3677,42.39594142741843
4788,MY,TM Technology Services Sdn. Bhd.,149,3677,38.17087096439323
32098,US,Flō Networks (Transtelco Inc.),185,3639,40.6910432740691
13030,CH,Init7 (Switzerland) Ltd.,2223,3635,40.460819234194126
201706,RU,SERVICEPIPE LLC,158,3634,40.35087719298245
4648,NZ,Spark New Zealand,60,3625,41.29171887458708
38193,PK,Transworld Associates (Pvt.) Ltd.,148,3567,38.70862723819859
4657,SG,StarHub Ltd,163,3561,40.79505097949364
702,US,Verizon Business - EMEA,185,3507,41.0655737704918
17494,BD,Bangladesh Telegraph & Telephone Board,78,3481,34.84484484484484
4837,CN,China Unicom Backbone,103,3476,40.93746319632552
17408,TW,AboveNet Communications Taiwan,69,3443,39.72997922917148
136106,ID,PT Mega Akses Persada,535,3442,39.34613625971651
1257,EU,Tele2 Sverige AB,1161,3440,40.33298159221479
8551,IL,Bezeq International Ltd.,172,3435,40.40225829216655
17557,PK,Pakistan Telecommunication Company Limited,191,3434,39.107163193258174
135069,NZ,Feenix Communications Limited,65,3434,40.004659832246034
4800,ID,PT Aplikanusa Lintasarta,497,3429,39.72428174235404
1680,IL,Cellcom Fixed Line Communication L.P,168,3429,40.312720432635786
703,US,Verizon Business - APAC,101,3408,40.576259078461725
4775,PH,Globe Telecoms,132,3386,40.38645038167939
135607,PH,Infinivan Incorporated,162,3347,39.94033412887828
9930,MY,TIME dotCom Bhd,2469,3336,40.187929165160824
21859,US,Zenlayer Inc,941,3336,40.187929165160824
19551,US,Incapsula Inc,369,3336,40.187929165160824
18403,VN,FPT Telecom Company,281,3336,40.187929165160824
9299,PH,PLDT (Philippine Long Distance Telephone Company),279,3336,40.187929165160824
45899,VN,VNPT Corp,201,3336,40.187929165160824
45903,VN,CMC Telecom Infrastructure Company,149,3336,40.187929165160824
7552,VN,Viettel Group,146,3336,40.187929165160824
10099,HK,China Unicom Global,89,3336,40.187929165160824
4635,XX,HKIX Route Servers,1027,3335,40.17588242380436
20473,US,"The Constant Company, LLC",10696,3269,46.303116147308785
53013,BR,WIXNET DO BRASIL LTDA - ME,164,3102,60.64516129032258
22927,AR,Telefonica de Argentina,235,2907,42.19770648860502
50509,RU,Transroute.Net,354,2897,47.20547498777904
6204,RO,INTERKVM HOST SRL,192,2897,45.350657482780214
41798,KZ,JSC Transtelecom,116,2897,47.20547498777904
9198,KZ,JSC Kazakhtelecom,98,2897,47.20547498777904
35168,KZ,TNS-Plus LLP,79,2897,47.20547498777904
199599,RU,"Telecom-Birzha, LLC",93,2885,39.99168283892431
7303,AR,Telecom Argentina S.A.,278,2796,42.8768593773961
59796,SK,StormWall s.r.o.,184,2750,39.45480631276901
43298,RU,Storm Networks LLC,142,2750,39.45480631276901
4230,BR,Claro (Embratel),1073,2745,58.817227340904225
50673,NL,Serverius Holding B.V.,25290,2677,42.73627075351214
17762,IN,Tata Teleservices Maharashtra Ltd,115,2630,41.24196330562961
45820,IN,Tata Teleservices ISP,320,2618,41.509433962264154
5617,PL,Orange Polska Spolka Akcyjna,356,2589,43.72572200641783
20115,US,Charter Communications LLC,262,2569,56.05498581715034
133296,IN,Web Werks India Pvt. Ltd.,85,2543,43.52961314618282
8447,AT,A1 Telekom Austria AG,187,2506,44.205327218204275
59692,AE,IQWeb FZ-LLC,87,2485,41.3959686823255
10075,BD,Fiber@Home Global Limited,348,2474,38.60196598533312
46887,US,Crown Castle Fiber LLC,1402,2411,56.1089131952525
34927,CH,iFog GmbH,29351,2410,48.42274462527627
1828,US,Unitas Global,223,2409,56.48300117233295
32097,US,"WholeSale Internet, Inc.",56,2334,48.73668824389225
8717,BG,A1 Bulgaria EAD,219,2257,43.57142857142857
138840,ID,PT Parsaoran Global Datatrans,431,2253,46.06419955019423
44901,BG,Belcloud LTD,104,2238,44.02911666338776
61568,BR,ALOO TELECOM - FSF TECNOLOGIA SA,569,2237,53.03461356092936
208972,TR,GIBIRNet Iletisim,8015,2150,47.16981132075472
199524,LU,Gcore S.A.,129,2129,49.4196843082637
64289,US,Macarne.com,190,2081,50.277844890070064
577,CA,Bell Canada,571,2065,51.92356047271814
39392,CZ,SH.cz s.r.o.,174,2043,42.50052007489079
56534,RU,Comfortel Ltd.,89,1994,39.43049238679059
9507,AU,NextHop Pty Ltd,62,1977,42.78294741397966
8732,RU,JSC Comcor,142,1964,39.44567182165093
52873,BR,Softdados Telecomunicações,95,1959,52.81747101644648
209,US,Lumen (ex. Qwest),701,1788,52.434017595307914
60068,GB,Datacamp Limited (CDN77 / DataPacket),760,1782,43.0642822619623
6327,CA,Shaw Communications,528,1760,50.142450142450144
3303,CH,Swisscom (Schweiz) AG,8187,1689,42.54408060453401
28329,BR,SAMM  (G8/Megatelecom),137,1680,47.91785510553337
22773,US,Cox Communications Inc.,535,1651,49.52009598080384
1820,US,WNET TELECOM USA Corp.,170,1619,40.770586753966256
35320,UA,Eurotranstelecom Ltd,244,1611,43.376413570274636
28283,BR,Adyl Telecom,380,1585,59.94704992435703
7029,US,Windstream Communications LLC,347,1572,50.97276264591439
5713,ZA,Telkom SA Ltd.,57,1568,49.38582677165355
812,CA,Rogers Communications Canada Inc.,239,1565,50.112071725904585
29226,RU,MasterTel,262,1543,45.31571218795889
20804,PL,Exatel S.A.,472,1540,46.066407418486385
37613,GH,DOLPHIN TELECOMMUNICATION LIMITED,107,1537,51.55987923515599
4134,CN,China Telecom Backbone,377,1526,51.993185689948895
20562,XX,Open Peering (Broadband Hosting B.V.),2209,1488,38.26176394960144
3786,KR,LG DACOM Corporation,451,1474,53.502722323049
13237,DE,euNetworks GmbH,288,1471,43.482116464676324
34549,DE,meerfarbig GmbH & Co. KG,33499,1466,48.60742705570292
50581,UA,Ukrainian Telecommunication Group LLC,54,1464,44.9079754601227
12400,IL,Partner Communications Ltd.,124,1462,48.10793024021059
25478,RU,iHome LLC,52,1462,49.19246298788694
11404,US,Wave Broadband,202,1457,43.79320709347761
136557,AU,Host Universal Pty Ltd,76,1457,42.45337995337996
9141,PL,P4 Sp. z o.o.,77,1447,46.70755326016785
199995,UA,Omega Telecom LLC,180,1441,44.821150855365474
61832,BR,Giga+ Empresas,653,1438,61.00975816716164
37282,NG,Mainone Cable Company,151,1428,45.11848341232228
33763,MU,Paratus Telecommunications Limited,80,1422,50.10570824524313
36236,US,"NetActuate, Inc",186,1406,45.078550817569734
396998,US,"Path Network, Inc.",68,1404,43.2
3292,DK,TDC Holding A/S,91,1398,42.58300335059397
17676,JP,SoftBank Corp.,381,1390,45.48429319371728
198949,IL,Radware,207,1388,48.49755415793152
1764,AT,Next Layer Telecommunications,1382,1385,46.538978494623656
52863,BR,UPX TECNOLOGIA LTDA,98,1383,60.208968219416626
57344,BG,Telehouse EAD,178,1379,39.75208993946382
57724,RU,DDOS-GUARD LTD,84,1375,43.540215326155796
6730,CH,Sunrise GmbH,265,1367,43.204804045512006
50629,DE,LWLcom GmbH,107,1363,45.95414699932569
54004,US,Optimum WiFi,469,1352,46.444520783236
9009,RO,M247 Europe SRL,264,1347,42.65357821405953
835,CA,GoCodeIT Inc,54,1347,48.02139037433155
31216,FR,BSO Network Solutions SAS,75,1337,39.946220495966536
12552,SE,GlobalConnect (IP-Only),248,1333,45.38644875723528
31027,DK,GlobalConnect A/S,220,1333,45.38644875723528
47147,AT,Anexia Cloud Solutions GmbH,75,1330,43.06994818652849
4455,GB,IX Reach Ltd,124,1329,40.10259505129753
4761,ID,PT Indosat Tbk,193,1327,39.61194029850746
34309,DE,Link11 GmbH,64,1325,44.808927967534665
16019,CZ,Vodafone Czech Republic a.s.,139,1324,45.97222222222222
2516,JP,KDDI Corporation,271,1323,47.13216957605985
41095,GB,IPTP LTD,65,1321,42.64041316978696
52025,GB,ParadoxNetworks Limited,2085,1317,48.135964912280706
24961,DE,WIIT AG (fka. myLoc Managed IT AG),130,1304,44.76484723652592
23947,ID,PT Mora Telematika Indonesia Tbk,490,1300,39.53771289537713
5650,US,Frontier Communications,239,1300,48.309178743961354
49800,AM,GNC-Alfa CJSC,59,1297,42.261322906484196
17378,US,"TierPoint, LLC",131,1294,46.95210449927431
56630,LT,Melbikomas UAB,71,1289,43.606224627875505
35000,RU,"JSC ""Severen-Telecom""",69,1288,47.58034724787588
57304,RU,RETN Russia,4115,1286,43.460628590740114
197068,RU,High Load Lab (Qrator),57,1286,43.460628590740114
20001,US,Charter Communications Inc,153,1281,47.923681257014586
63927,HK,RISE,72,1279,42.19729462223689
8412,AT,T-Mobile Austria GmbH,56,1279,43.35593220338983
6079,US,RCN,110,1276,46.265409717186365
55002,US,"F5, Inc.",137,1269,42.46987951807229
8262,BG,Evolink EAD,102,1267,40.20945731513805
39737,RO,Prime Telecom srl,101,1267,39.742785445420324
202,US,"Level 3 Parent, LLC",81,1267,47.488755622188904
12912,PL,T-Mobile Polska S.A.,266,1266,46.22124863088718
2711,US,Spirit Communications,103,1260,48.03659931376287
35753,SA,Etihad Salam Telecom CJSC,102,1259,44.884135472370765
4809,CN,China Telecom Next Generation Carrier Network,52,1258,48.59018926226342
38158,ID,PT Cyberindo Aditama,325,1253,40.708252111760885
7049,AR,Silica Networks Argentina S.A.,400,1237,40.82508250825082
13767,US,"DataBank Holdings, Ltd.",91,1237,47.6502311248074
24785,NL,Joint Transit (Broadband Hosting B.V.),279,1234,43.71236273467942
8400,RS,Telekom Srbija a.d.,114,1232,45.867460908413996
48858,RU,"JSC ""ER-Telecom Holding""",10871,1228,45.76966082743198
21574,BR,Century Telecom Ltda,150,1222,47.29102167182663
38195,AU,Superloop,157,1216,42.45810055865922
58511,AU,Swoop (Anycast Global Backbone),69,1212,44.938820912124584
5056,US,Aureon Network Services,66,1212,47.92408066429419
12874,IT,Fastweb SpA,224,1211,45.99316369160653
3269,IT,TIM S.p.A. (fka. Telecom Italia S.p.A.),176,1210,46.84475416182733
34224,BG,Neterra Ltd.,131,1209,40.39425325760107
34872,BE,Servperso Systems,294,1207,46.87378640776699
4651,TH,The Communications Authority of Thailand (CAT),64,1207,42.635111268103145
24534,ID,PT Trans Hybrid Communication,107,1206,43.412526997840175
207841,GB,Inferno Communications Ltd,51,1204,47.96812749003984
45147,ID,PT NAP Info Lintas Nusa,133,1202,41.76511466296039
55818,ID,Matrix Cable Internet Exchange,56,1201,41.73036831132731
12578,LV,SIA Tet,170,1198,42.846924177396275
58389,ID,PT Sumber Data Indonesia,179,1197,42.11822660098522
55655,ID,PT Sarana Insan Muda Selaras,492,1195,40.91064703868538
55685,ID,PT Jala Lintas Media,136,1193,42.929111191075926
7725,US,"Comcast Cable Communications, LLC",60,1192,46.41744548286604
29838,US,"Atlantic Metro Communications II, Inc.",93,1191,45.614707008808885
9829,IN,BSNL (Bharat Sanchar Nigam Ltd),73,1190,44.00887573964497
209533,XX,iFog GmbH - BGPTunnel,120,1186,47.68797748291114
29632,BG,Netassist International EOOD,24525,1185,47.68611670020121
8772,UA,NetAssist LLC,106,1185,47.68611670020121
29075,FR,IELO-LIAZO SERVICES SAS,143,1184,44.08041697691735
209735,GB,Lagrange Cloud Technologies Limited,68,1184,47.66505636070853
212895,DE,Johannes Ernst,198,1183,47.89473684210526
53667,US,FranTech Solutions,208,1182,47.43178170144463
2119,NO,Telenor Norge AS,2217,1179,44.98283098054178
9808,CN,China Mobile Backbone,61,1177,47.92345276872964
9790,NZ,Two Degrees Networks Limited,112,1174,44.946401225114855
41051,XX,Freetransit Project (Openfactory GmbH),149,1172,47.914963205233036
13194,LT,"UAB ""Bite Lietuva""",64,1172,43.61741719389654
10103,HK,HK Broadband Network Ltd.,83,1165,45.52559593591246
16276,FR,OVH SAS,213,1162,45.604395604395606
4780,TW,Digital United Inc.,52,1158,43.76417233560091
56655,NO,Gigahost AS,11314,1157,46.46586345381526
11426,US,Charter Communications Inc,89,1155,46.913078797725426
9119,SI,SOFTNET d.o.o.,67,1154,45.43307086614173
9730,IN,Bharti Telesonic Ltd,235,1152,37.46341463414634
49915,GB,Megaport (UK) Limited,120,1152,43.63636363636363
917,US,"Misaka Network, Inc.",62,1149,46.31197097944377
134654,ID,PT Data Utama Dinamika,102,1147,43.29935824839562
11796,US,"Airstream Communications, LLC",75,1147,47.162828947368425
35819,SA,"Etihad Etisalat, a joint stock company",83,1146,46.359223300970875
24115,XX,Equinix IX,3242,1144,45.110410094637224
56258,ID,PT PGAS Telekomunikasi Nusantara,64,1142,44.73168820994908
35625,FR,Eurofiber France SAS,292,1141,45.29575228265185
24748,XX,THINX WAW Route Servers,70,1140,45.80152671755725
12735,TR,TurkNet Iletisim Hizmetleri A.S.,66,1140,41.17009750812567
394256,CA,Tech Futures Interactive Inc.,3127,1139,46.05742013748483
4787,ID,PT Cyberindo Aditama,234,1137,44.466171294485726
3204,XX,xTom OU,58,1135,47.15413377648525
7717,ID,OpenIXP Route Servers,422,1133,45.55689585846402
17922,XX,PT Indosat Tbk,71,1133,45.55689585846402
12297,AM,Telecom Armenia OJSC,60,1130,44.07176287051482
26042,US,"FiberState, LLC",56,1127,46.53179190751445
15924,TR,Vodafone Turkey,149,1126,43.158298198543505
47605,FI,FNE-Finland Oy,75,1126,45.75375863470134
19108,US,Optimum,78,1124,46.484698097601324
7470,TH,"TRUE INTERNET Co.,Ltd.",101,1123,44.45764053840063
17665,IN,ONEOTT INTERTAINMENT LIMITED,77,1123,38.197278911564624
53356,CA,Free Range Cloud Hosting Inc.,97,1122,46.17283950617284
57866,NL,Fusix Networks B.V.,82,1122,45.24193548387097
42708,SE,Glesys AB,1759,1120,45.714285714285715
49581,DE,Ferdinand Zink trading as Tube-Hosting,67,1119,45.74816026165168
8455,NL,atom86 BV,152,1118,43.688940992575226
263702,CL,GRUPO ZGH SPA,66,1118,45.37337662337662
18229,IN,CtrlS,255,1116,38.83089770354906
38001,SG,NewMedia Express Pte. Ltd.,6910,1115,45.41751527494908
17439,IN,NTT Communications India Pvt. Ltd.,89,1115,41.250462449130595
138128,ID,PT Solnet Indonesia,85,1115,45.05050505050505
35805,GE,"JSC ""Silknet""",80,1115,45.41751527494908
41327,IT,Fiber Telecom S.p.A.,36805,1114,43.31259720062208
25091,CH,IP-Max SA,20172,1114,44.883158742949234
4750,TH,CS LOXINFO PUBLIC COMPANY LIMITED,60,1114,44.95560936238902
44324,US,MoeDove LLC,129,1113,46.74506509869802
45177,NZ,Devoli,57,1112,45.27687296416938
45117,IN,Ishan's Network,116,1111,41.81407602559277
8764,LT,"Telia Lietuva, AB",54,1110,45.58521560574948
45296,ID,PT Rabik Bangun Nusantara,169,1109,43.79936808846762
6696,BE,VERIXI SA,4981,1108,45.61547962124331
45458,TH,SBN-ISP/AWN-ISP and SBN-NIX/AWN-NIX,72,1108,45.5779514603044
16509,US,"Amazon.com, Inc.",131,1107,45.12841418671015
58717,BD,Summit Communications Ltd,953,1106,34.146341463414636
29802,US,"HIVELOCITY, Inc.",106,1104,45.171849427168574
43426,XX,Netassist International EOOD,111,1103,46.38351555929353
64073,NZ,Vetta Online Ltd,1990,1101,45.81772784019975
206499,GB,LOCIX LIMITED,389,1099,46.50867541261109
139901,BD,Apple Communication Ltd.,105,1098,38.28451882845189
8280,GR,SYNAPSECOM S.A. Provider of Telecommunications and Internet Services,284,1097,45.7464553794829
139009,BD,Windstream Communication Limited,273,1096,37.32970027247956
58682,BD,Level3 Carrier Ltd.,259,1096,37.30428863172226
58715,BD,EARTH TELECOMMUNICATION (Pvt) LTD.,145,1096,38.42917251051893
150178,BD,EXABYTE LTD,157,1095,37.82383419689119
137491,BD,Peerex Networks Ltd,72,1094,38.43991567111736
34854,GB,Staclar Carrier Ltd.,871,1093,46.35284139100933
58656,BD,bdHUB Limited,59,1093,39.31654676258993
24198,ID,PT Datakom Padma Jaya,69,1092,44.97528830313015
132770,IN,Gazon Communications India Limited,62,1091,43.51814918228959
64315,ID,PT Mitra Visioner Pratama,129,1084,45.95167443832132
12859,NL,BIT BV,2634,1082,45.847457627118644
971,US,PureVoltage Hosting Inc.,218,1082,46.08177172061329
1836,CH,green.ch AG,12741,1081,46.117747440273035
58057,CH,Securebit AG,5251,1081,46.117747440273035
55720,MY,Gigabit Hosting Sdn Bhd,657,1081,46.117747440273035
139341,SG,WeChat/QQ CDN,276,1081,46.117747440273035
54994,CA,Meteverse Limited,209,1081,46.117747440273035
40676,US,Psychz Networks,87,1081,46.117747440273035
42473,AT,Anexia Cloud Solutions GmbH,80,1081,46.117747440273035
138915,HK,Kaopu Cloud HK Limited,74,1081,46.117747440273035
35661,FR,VIRTUA SYSTEMS SAS,68,1081,46.117747440273035
196695,RU,NetOne Rus JSC,59,1081,46.117747440273035
49063,RU,Data Storage Center JSC,59,1081,46.117747440273035
139317,XX,Ningbo Dahuamao Information Technology Co Ltd,83,1080,46.075085324232084
9848,KR,SEJONG NETWORKS,58,1080,46.075085324232084
270735,BR,COMPUTIZE NETWORK TELECOMUNICACOES LTDA,94,850,57.549085985104945
52965,BR,1Telecom,286,750,60.53268765133172
271253,BR,LINK BRASIL TELECOMUNICACOES LTDA,342,733,58.40637450199203
11164,US,Internet2 I2PX,184,730,70.32755298651252
53087,BR,TELY Ltda.,177,726,60.70234113712375
52573,BR,Une Telecom Ltda,147,649,56.28794449262793
52554,BR,Rede MegasNet Telecomunicações,90,630,61.04651162790697
263444,BR,Open X Tecnologia Ltda,181,573,60.252365930599375
9050,RO,Orange Romania S.A.,208,515,37.05035971223021
8953,RO,Orange Romania S.A.,109,515,37.05035971223021
28260,BR,ALTA REDE CORPORATE NETWORK TELECOM LTDA - EPP,107,503,59.73871733966746
53181,BR,K2 Telecom e Multimidia LTDA ME,255,483,56.29370629370629
28598,BR,MOB,219,477,58.671586715867164
28146,BR,MHNET TELECOM,158,465,60.625814863103
263966,BR,WorldWifi,68,425,61.06321839080459
11432,BR,Telium Telecomunicações Ltda,245,418,62.202380952380956
3326,UA,Datagroup PJSC,402,416,40.90462143559488
266931,BR,NOVELL INTERNET,58,376,59.77742448330684
12741,PL,Netia SA,873,351,52.94117647058824
263009,BR,FORTE TELECOM LTDA.,228,320,58.18181818181818
23106,BR,American Tower Brasil,254,307,54.72370766488414
264997,BR,Direct Telecom Ltda,73,306,63.88308977035491
3255,UA,Ukrainian Academic and Research Network,264,290,48.41402337228715
35297,UA,Dataline LLC,325,281,40.08559201141227
10796,US,Charter Communications Inc,265,280,65.57377049180327
29535,PL,Orange Polska Spolka Akcyjna,380,268,46.608695652173914
265269,BR,MEGA TELE INFORMATICA,165,261,62.74038461538461
262907,BR,Brasil TecPar,107,257,56.98447893569845
24724,PL,Atman Sp. z o.o.,58,246,54.18502202643172
262761,BR,Sinal Br Telecom Ltda,75,221,61.731843575419
33651,US,"Comcast Cable Communications, LLC",170,219,55.86734693877551
52925,BR,Ascenty Data Centers e Telecomunicações S/A,143,217,64.0117994100295
4713,JP,NTT Communications Corporation (OCN),98,216,61.71428571428571
29208,CZ,"Quantcom, a.s.",58,213,41.68297455968688
8151,MX,UNINET,100,211,50.96618357487923
5578,SK,"SWAN, a.s.",52,210,48.275862068965516
263903,BR,INFORBARRA TELECOM,186,207,59.31232091690545
50607,PL,Stowarzyszenie e-Poludnie,428,206,48.69976359338061
28126,BR,BRISANET SERVICOS DE TELECOMUNICACOES S.A,101,206,63.580246913580254
27064,US,Defense Information Systems Agency (DISA),88,205,85.77405857740585
15694,PL,Atman Sp. z o.o.,160,204,59.82404692082112
852,CA,TELUS Communications Inc.,2176,203,69.28327645051195
269194,BR,ST1 INTERNET,176,202,63.722397476340696
262355,BR,VSX Networks,81,192,63.366336633663366
269096,BR,NORTH TECNOLOGIA,171,189,63.63636363636363
2152,US,CENIC - CalREN,117,184,73.6
33491,US,"Comcast Cable Communications, LLC",274,180,61.855670103092784
47232,CZ,ISP Alliance a.s.,87,179,43.65853658536585
13536,US,"FirstLight Fiber, Inc.",203,175,66.79389312977099
196844,PL,"Institute of Bioorganic Chemistry Polish Academy of Science, Poznan Supercomputing and Networking Center",67,175,46.91689008042895
5400,GB,British Telecommunications (International) ,69,170,54.14012738853503
52872,BR,VOANET Telecomunicações Ltda.,56,163,52.243589743589745
265038,BR,TELFO SERVICO DE TELECOMUNICACOES LTDA,76,161,58.12274368231047
15305,US,"Syringa Networks, LLC",60,160,53.87205387205387
62081,XX,Stowarzyszenie e-Poludnie,294,155,45.45454545454545
1853,AT,ACONET,51,154,51.162790697674424
13649,US,Flexential Colorado Corp.,178,153,78.46153846153847
15895,UA,"""Kyivstar"" PJSC",94,150,45.59270516717325
394684,US,GOLD DATA USA INC,99,147,40.7202216066482
8641,RU,"LLC ""Nauka-Svyaz""",210,146,49.65986394557823
33652,US,"Comcast Cable Communications, LLC",66,144,50.70422535211267
8881,DE,1&1 Versatel GmbH,236,141,43.653250773993804
30517,US,"Great Lakes Comnet, Inc.",53,138,72.25130890052355
15164,US,Unite Private Networks LLC.,169,133,79.16666666666666
28220,BR,Alares Internet,71,131,52.400000000000006
11351,US,Charter Communications Inc,91,129,81.64556962025317
62943,US,Bluebird Network,70,124,64.24870466321244
3758,SG,SingNet,93,122,63.541666666666664
263432,BR,CORPORATIVA TELECOMUNICACOES EIRELI ME,73,122,59.22330097087378
11172,MX,"Alestra, S. de R.L. de C.V.",113,121,57.61904761904761
23005,US,"SWITCH, LTD",146,120,76.43312101910828
20055,US,Ziply Fiber,161,119,50.210970464135016
12302,RO,Vodafone Romania S.A.,217,116,26.605504587155966
2854,RU,LLC Orange Business Services,108,116,66.66666666666666
33667,US,"Comcast Cable Communications, LLC",140,115,72.78481012658227
262462,BR,Aranet Play,76,115,63.888888888888886
28343,BR,Unifique Telecomunicações SA,102,114,61.29032258064516
5603,SI,"Telekom Slovenije, d.d.",159,113,32.37822349570201
33657,US,"Comcast Cable Communications, LLC",125,113,72.90322580645162
18734,MX,"Operbes, S.A. de C.V.",94,113,67.66467065868264
7015,US,"Comcast Cable Communications, LLC",166,112,54.63414634146342
3209,DE,Vodafone GmbH,132,110,44.17670682730924
11427,US,Charter Communications Inc,145,109,71.24183006535948
21497,UA,Vodafone Ukraine,132,109,49.77168949771689
2907,JP,Science Information Network,111,109,74.14965986394559
2856,GB,British Telecommunications,160,108,69.6774193548387
40264,US,Charter Communications LLC,142,108,63.905325443786985
2686,US,"AT&T Enterprises, LLC",92,108,78.26086956521739
33287,US,"Comcast Cable Communications, LLC",139,107,70.86092715231787
7016,US,"Comcast Cable Communications, LLC",111,107,71.81208053691275
262740,BR,VELOO NET LTDA,55,107,68.58974358974359
29119,ES,AIRE NETWORKS DEL MEDITERRANEO SL UNIPERSONAL,296,105,22.245762711864405
33363,US,"Charter Communications, Inc",79,104,65.82278481012658
28186,BR,ITS TELECOMUNICACOES LTDA,88,103,54.4973544973545
201776,RU,Miranda-Media Ltd,96,102,50.0
263703,VE,VIGINET C.A (vnet),57,102,40.15748031496063
2519,JP,ARTERIA Networks Corporation,86,101,52.331606217616574
33668,US,"Comcast Cable Communications, LLC",62,101,64.74358974358975
7575,AU,Australian Academic and Research Network (AARNet),7508,100,69.44444444444444
262503,BR,WIKI TELECOMUNICACOES EIRELI,57,98,58.333333333333336
327727,UG,C-Squared Limited,125,96,61.53846153846154
53115,BR,ISPX Solucoes em Telecomunicacoes SPE Ltda,57,95,57.57575757575758
13760,US,Uniti Fiber Holdings Inc.,147,88,64.70588235294117
21949,CA,Beanfield Technologies Inc.,156,85,65.89147286821705
33132,US,Crown Castle Fiber LLC,100,85,87.62886597938144
13367,US,"Comcast Cable Communications, LLC",73,85,75.22123893805309
262191,CO,LIBERTY NETWORKS DE COLOMBIA S.A.S,52,84,43.07692307692308
62,US,CyrusOne LLC,99,81,87.09677419354838
12129,US,"123.Net, Inc.",134,78,44.827586206896555
12025,US,Iron Mountain Data Centers,91,78,82.10526315789474
33659,US,"Comcast Cable Communications, LLC",75,73,51.77304964539007
3212,SI,Telemach Slovenija d.o.o.,60,73,41.714285714285715
19037,AR,AMX Argentina S.A.,89,70,36.08247422680412
7385,US,Zayo (fka Allstream),82,70,76.92307692307693
11664,AR,Techtel LMDS Comunicaciones Interactivas S.A.,171,69,35.751295336787564
22652,CA,Videotron Ltee,3333,68,55.73770491803278
8866,BG,Vivacom Bulgaria EAD,176,67,16.666666666666664
31242,PL,P4 Sp. z o.o.,84,67,77.01149425287356
262847,BR,DBUG TELECOM LTDA,61,67,64.42307692307693
8308,PL,NAUKOWA I AKADEMICKA SIEC KOMPUTEROWA - PANSTWOWY INSTYTUT BADAWCZY,64,66,58.4070796460177
3215,FR,Orange S.A.,145,65,32.5
19009,US,Everstream Solutions LLC,68,65,70.65217391304348
6855,SK,"Slovak Telekom, a.s.",107,64,50.79365079365079
262476,BR,BRCENTRAL TELECOM,69,63,69.23076923076923
26554,US,"US Signal Company, L.L.C.",83,62,69.66292134831461
37721,BF,Virtual Technologies & Solutions,57969,60,66.66666666666666
1267,IT,WIND TRE S.P.A.,91,60,46.15384615384615
4847,CN,China Telecom Beijing Province Network,71,60,80.0
30781,FR,Free Pro SAS,11571,59,28.640776699029125
268696,BR,Tuddo Telecom Ltda.,99,59,50.427350427350426
31287,BG,IPACCT CABLE Ltd,111,58,25.217391304347824
17222,BR,MUNDIVOX DO BRASIL LTDA,63,58,77.33333333333333
2116,NO,GLOBALCONNECT AS,90,57,45.96774193548387
137366,ID,PT iForte Solusi Infotek,71,57,30.158730158730158
306,US,United States Department of Defense (DoD),61,57,96.61016949152543
28761,RU,CrimeaCom South LLC,55,57,55.33980582524271
4808,CN,China Unicom Beijing Province Network,79,56,78.87323943661971
33650,US,"Comcast Cable Communications, LLC",70,55,75.34246575342466
25899,US,LS Networks,66,54,60.0
14868,BR,Ligga Telecomunicações S.A.,66,54,72.97297297297297
58212,DE,dataforest GmbH,65,54,43.90243902439025
600,US,OARnet,57,54,96.42857142857143
7459,US,"Grande Communications Networks, LLC",52,54,56.25
7342,US,VeriSign Infrastructure & Operations,54,53,91.37931034482759
12479,ES,Orange Espagne SA,83,52,50.48543689320388
13876,US,"FiberLight, LLC",72,52,49.056603773584904
141137,ID,PT Media Cepat Indonesia,65,52,53.06122448979592
28368,BR,Wirelink (Sobralnet),288,51,66.23376623376623
4764,AU,Aussie Broadband,123,51,26.842105263157894
3301,SE,Telia Company AB,102,51,52.57731958762887
7795,US,"LUMOS Networks, Inc.",82,51,75.0
32505,US,Conterra,67,51,67.10526315789474
2687,US,"AT&T Enterprises, LLC",58,51,80.95238095238095
13977,US,Fidium,51,51,83.60655737704919
25159,RU,PJSC MegaFon,69,50,63.29113924050633
50606,PL,Horyzont Technologie Internetowe sp.z.o.o.,53,50,56.81818181818182
31042,RS,Serbia BroadBand-Srpske Kablovske mreze d.o.o.,55,49,43.75
12963,UA,"Scientific Industrial Firm ""Volz"" Ltd",85,47,52.80898876404494
3352,ES,TELEFONICA DE ESPANA S.A.U.,77,46,48.421052631578945
26801,US,"Zito Media, L.P.",58,46,60.526315789473685
5089,GB,Virgin Media Limited,55,46,50.0
44600,UA,"""GIGATRANS UKRAINE"", LLC",75,45,51.13636363636363
28716,IT,Retelit Digital Services S.p.A.,104,44,37.60683760683761
12357,ES,VODAFONE ESPANA S.A.U.,97,44,37.93103448275862
20632,RU,PJSC MegaFon,67,44,65.67164179104478
3561,US,Lumen (ex. Savvis),52,44,84.61538461538461
201054,XX,Stowarzyszenie e-Poludnie,966,43,53.086419753086425
28173,BR,Dinamica Telecomunicacoes Ltda,57,43,67.1875
17995,ID,PT iForte Global Internet,111,42,46.15384615384615
4515,HK,PCCW IMS Ltd (PCCW Business Internet Access),52,42,80.76923076923077
4608,AU,Asia Pacific Network Information Centre,451,41,82.0
8767,DE,M-net Telekommunikations GmbH,66,41,52.56410256410257
6789,RU,CRELCOM LLC,61,41,63.07692307692307
15994,HR,A1 Hrvatska d.o.o.,55,40,68.96551724137932
15557,FR,SFR SA,88,39,37.142857142857146
12695,RU,LLC Digital Network,58,39,65.0
25180,GB,Exponential-E Ltd.,53,39,63.934426229508205
5606,RO,GTS Telecom SRL,98,38,35.51401869158878
33490,US,Comcast (Portland/Spokane),58,38,62.295081967213115
36086,US,Telx,51,38,73.07692307692307
6768,UA,"""EUROTELE-PLUS"" LLC",51,38,32.47863247863248
52361,AR,ARSAT - Empresa Argentina de Soluciones Satelitales S.A.,164,35,19.662921348314608
33660,US,"Comcast Cable Communications, LLC",56,34,55.73770491803278
42337,IR,Respina Networks & Beyond PJSC,239,32,11.072664359861593
43754,IR,Asiatech Data Transmission company,143,32,11.510791366906476
719,FI,Elisa Oyj,54,32,39.02439024390244
8437,AT,Hutchison Drei Austria GmbH,59,31,54.385964912280706
3302,IT,Retelit Digital Services S.p.A.,110,30,43.47826086956522
39686,NL,Eurofiber Nederland BV,61,30,36.144578313253014
11014,AR,Metrotel,95,29,15.846994535519126
12310,RO,iNES GROUP SRL,65,28,31.818181818181817
14259,CL,Gtd Internet S.A.,63,28,31.818181818181817
8473,SE,Bahnhof AB,58,28,47.45762711864407
1759,FI,Telia Finland Oyj,55,28,45.16129032258064
12779,IT,IT.Gate S.p.A.,558,25,32.05128205128205
34779,SI,"T-2, d.o.o.",97,25,25.252525252525253
3267,RU,"SCIENTIFIC RESEARCH INSTITUTE FOR SYSTEM ANALYSIS OF THE NATIONAL RESEARCH CENTRE ""KURCHATOV INSTITUTE""",75,25,33.33333333333333
5483,HU,Magyar Telekom Plc.,70,24,29.268292682926827
268314,BR,SUPORTI TELECOM,62,24,57.14285714285714
11232,US,Midcontinent Communications,51,24,40.67796610169492
58224,IR,Iran Telecommunication Company PJS,135,21,16.93548387096774
38731,VN,Viettel - CHT Company Ltd,79,21,23.333333333333332
3170,GB,VeloxServ Communications Ltd,52,20,30.303030303030305
50304,NO,Blix Solutions AS,13794,16,39.02439024390244
8903,ES,LYNTIA NETWORKS S.A.,73,16,22.535211267605636
202766,XX,LYNTIA NETWORKS S.A.,61,16,24.615384615384617
12541,XX,LYNTIA NETWORKS S.A.,59,16,26.666666666666668
17639,PH,Converge ICT Solutions Inc.,41020,14,11.475409836065573
132280,TH,Symphony Communication (Thailand) PCL.,58,14,23.333333333333332
35699,ES,Adamo Telecom Iberia S.A.,55,14,22.950819672131146
58495,ID,PT Parsaoran Global Datatrans,143,12,21.428571428571427
4621,TH,UNINET-TH,69,12,18.75
8449,KG,"""ElCat"" Ltd.",58,12,12.244897959183673
3249,EE,Telia Eesti AS,53,12,22.22222222222222
55824,IN,NKN Core Network,89,10,9.433962264150944
45305,ID,PT Lintas Data Prima,68,9,13.043478260869565
34019,FR,Hivane Association,26520,8,25.0
8434,SE,Telenor Sverige AB,53,8,22.22222222222222
1103,NL,SURF B.V.,6172,7,26.923076923076923
262663,BR,METROFLEX TELECOMUNICACOES LTDA,207,7,50.0
20965,NL,GEANT Vereniging,64,7,25.925925925925924
48362,AT,Stadtwerke Feldkirch,32234,5,17.857142857142858
48185,BE,team.blue NV,23056,5,50.0
24429,CN,Alibaba Cloud,125,5,18.51851851851852
50300,GB,CustodianDC Limited,23755,4,20.0
207336,XX,Netassist SL,51,4,100.0
204092,FR,Association GRIFON,3140,2,20.0
50628,FR,Leonix Telecom SAS,2505,2,11.11111111111111
202365,TR,Chronos,1127,2,16.666666666666664
42020,LB,OGERO,132,2,1.4388489208633095
56662,XX,Marcin Gondek,18386,1,100.0
49673,RU,Truenetwork LLC,8240,1,33.33333333333333
212508,IT,Lowhosting services of Davide Gennari,633,1,25.0
328977,KE,Wavex Internet Service Provider LTD,162,1,50.0
3573,US,Accenture LLP,118,1,100.0
136907,HK,Huawei Cloud,58,1,100.0
3333,NL,Reseaux IP Europeens Network Coordination Centre (RIPE NCC),16345,0,0.0
59919,IT,Brainbox S.r.l.,820,0,0.0
1403,CA,EBOX,601,0,0.0
61292,NO,Blix Group AS,470,0,0.0
20940,NL,Akamai International B.V.,238,0,0.0
20205,US,"Amplex Electric, Inc.",176,0,0.0
52055,XX,NetIX Communications JSC,84,0,0.0
149994,BD,Rego Communications Ltd,79,0,0.0
