Quadrant,ASN,CC,Cone,Percentile,Name
Q1: GOLD STANDARD,4809,CN,64834,61.07293259825716,China Telecom Next Generation Carrier Network
Q1: GOLD STANDARD,34927,CH,34152,60.49243316719528,iFog GmbH
Q1: GOLD STANDARD,208972,TR,8127,66.08286451007972,GIBIRNet Iletisim
Q1: GOLD STANDARD,8218,FR,7426,69.52441749122247,Zayo Europe
Q1: GOLD STANDARD,9498,IN,7002,72.43951701427004,Bharti Airtel Ltd.
Q1: GOLD STANDARD,58057,CH,5934,64.7512,Securebit AG
Q1: GOLD STANDARD,29075,FR,4079,63.27277298850576,IELO-LIAZO SERVICES SAS
Q1: GOLD STANDARD,7713,ID,3545,62.3152152710046,PT Telkom Indonesia Tbk
Q1: GOLD STANDARD,4755,IN,2522,69.81430575035063,TATA Communications (formerly VSNL)
Q1: GOLD STANDARD,9930,MY,2348,74.95344467640918,TIME dotCom Bhd
Q1: GOLD STANDARD,64073,NZ,1690,66.96939655172415,Vetta Group
Q1: GOLD STANDARD,58717,BD,1104,99.0838157894737,Summit Communications Ltd
Q1: GOLD STANDARD,137409,AU,923,77.64208675263775,GSL Networks Pty LTD
Q1: GOLD STANDARD,25091,CH,723,64.23990024937656,IP-Max SA
Q1: GOLD STANDARD,136106,ID,691,82.98080808080809,PT Mega Akses Persada
Q1: GOLD STANDARD,30844,GB,564,62.438114400689855,Liquid Intelligent Technologies 
Q1: GOLD STANDARD,9583,IN,533,81.35265225933202,Sify Limited
Q1: GOLD STANDARD,147094,ID,529,89.15037593984962,PT Mitra Visioner Pratama
Q1: GOLD STANDARD,1221,AU,500,61.6244635193133,Telstra Limited
Q1: GOLD STANDARD,9121,TR,489,91.36762295081968,Turk Telekom
Q1: GOLD STANDARD,8708,RO,482,88.1268691588785,DIGI ROMANIA S.A.
Q1: GOLD STANDARD,16276,FR,470,82.57190721649485,OVH SAS
Q1: GOLD STANDARD,17676,JP,442,65.85240384615385,SoftBank Corp.
Q1: GOLD STANDARD,138840,ID,440,82.59789915966387,PT Parsaoran Global Datatrans
Q1: GOLD STANDARD,55720,MY,353,83.54099999999998,Gigabit Hosting Sdn Bhd
Q1: GOLD STANDARD,34984,TR,344,90.59767441860464,Superonline Iletisim Hizmetleri A.S.
Q1: GOLD STANDARD,8280,GR,339,82.8260162601626,SYNAPSECOM S.A. Provider of Telecommunications and Internet Services
Q1: GOLD STANDARD,7049,AR,337,82.7568115942029,Silica Networks Argentina S.A.
Q1: GOLD STANDARD,18403,VN,310,86.00694444444446,FPT Telecom Company
Q1: GOLD STANDARD,7303,AR,299,78.3750670241287,Telecom Argentina S.A.
Q1: GOLD STANDARD,38158,ID,298,88.06088435374149,PT Cyberindo Aditama
Q1: GOLD STANDARD,49915,GB,297,62.76077170418007,Megaport (UK) Limited
Q1: GOLD STANDARD,31027,DK,235,63.9885593220339,GlobalConnect A/S
Q1: GOLD STANDARD,15935,CZ,226,66.70727272727272,ha-vel internet s.r.o.
Q1: GOLD STANDARD,12302,RO,215,74.53148148148149,Vodafone Romania S.A.
Q1: GOLD STANDARD,45296,ID,213,90.3406862745098,PT Rabik Bangun Nusantara
Q1: GOLD STANDARD,58389,ID,201,89.19107981220658,PT Sumber Data Indonesia
Q1: GOLD STANDARD,328977,KE,199,67.90679611650486,Wavex Internet Service Provider LTD
Q1: GOLD STANDARD,22927,AR,198,86.78956043956045,Telefonica de Argentina
Q1: GOLD STANDARD,11664,AR,186,61.115053763440855,Techtel LMDS Comunicaciones Interactivas S.A.
Q1: GOLD STANDARD,135607,PH,183,91.7045197740113,Infinivan Incorporated
Q1: GOLD STANDARD,15924,TR,183,91.12222222222222,Vodafone Turkey
Q1: GOLD STANDARD,39392,CZ,172,77.2530487804878,SH.cz s.r.o.
Q1: GOLD STANDARD,24534,ID,166,91.06026490066225,PT Trans Hybrid Communication
Q1: GOLD STANDARD,4764,AU,165,73.52958579881657,Aussie Fibre Pty Ltd
Q1: GOLD STANDARD,3215,FR,146,61.23732394366198,Orange S.A.
Q1: GOLD STANDARD,16019,CZ,136,87.00655737704919,Vodafone Czech Republic a.s.
Q1: GOLD STANDARD,137366,ID,132,87.51428571428572,PT iForte Solusi Infotek
Q1: GOLD STANDARD,45147,ID,129,85.11052631578949,PT NAP Info Lintas Nusa
Q1: GOLD STANDARD,8953,RO,119,73.94214876033058,Orange Romania S.A.
Q1: GOLD STANDARD,138128,ID,116,86.82038834951456,PT Solnet Indonesia
Q1: GOLD STANDARD,270735,BR,110,64.783,COMPUTIZE NETWORK TELECOMUNICACOES LTDA
Q1: GOLD STANDARD,41798,KZ,107,61.2173076923077,JSC Transtelecom
Q1: GOLD STANDARD,7470,TH,90,74.62666666666667,"TRUE INTERNET Co.,Ltd."
Q1: GOLD STANDARD,134654,ID,88,83.92888888888889,PT Data Utama Dinamika
Q1: GOLD STANDARD,40676,US,84,82.93012048192772,Psychz Networks
Q1: GOLD STANDARD,394684,US,73,70.3078947368421,GOLD DATA USA INC
Q1: GOLD STANDARD,4621,TH,69,74.79565217391306,UniNet Thailand
Q1: GOLD STANDARD,58212,DE,67,92.42424242424242,dataforest GmbH
Q1: GOLD STANDARD,5483,HU,66,77.73188405797102,Magyar Telekom Plc.
Q1: GOLD STANDARD,14259,CL,64,68.16849315068494,Gtd Internet S.A.
Q1: GOLD STANDARD,3212,SI,62,82.17142857142858,Telemach Slovenija d.o.o.
Q1: GOLD STANDARD,139901,BD,59,99.1,Apple Communication Ltd.
Q1: GOLD STANDARD,35699,ES,58,72.01186440677965,Adamo Telecom Iberia S.A.
Q1: GOLD STANDARD,8412,AT,56,67.83684210526316,T-Mobile Austria GmbH
Q1: GOLD STANDARD,6768,UA,56,66.63653846153846,"""EUROTELE-PLUS"" LLC"
Q1: GOLD STANDARD,396998,US,56,77.738,"Path Network, Inc."
Q1: GOLD STANDARD,61621,BR,56,62.745098039215684,Norte.Net Telecomunicações Ltda
Q1: GOLD STANDARD,14618,US,55,87.3218181818182,"Amazon.com, Inc."
Q1: GOLD STANDARD,3249,EE,51,75.74313725490197,Telia Eesti AS
Q1: GOLD STANDARD,24516,AU,51,72.70943396226414,Virtutel Pty Ltd
Q1: GOLD STANDARD,9507,AU,50,64.99285714285715,NextHop Pty Ltd
Q1: GOLD STANDARD,45558,MM,49,80.73877551020408,Myanmar Posts and Telecommunications 
Q1: GOLD STANDARD,13576,US,44,69.06818181818181,SDN Communications
Q1: GOLD STANDARD,43061,SI,42,87.53809523809524,Stelkom d.o.o.
Q1: GOLD STANDARD,5610,CZ,39,71.17027027027028,"O2 Czech Republic, a.s."
Q1: GOLD STANDARD,16814,AR,38,81.42291666666667,NSS S.A.
Q1: GOLD STANDARD,51847,HK,35,67.20750000000001,Nearoute Limited
Q1: GOLD STANDARD,208293,IQ,34,93.71470588235294,AlSalam State Company
Q1: GOLD STANDARD,3342,DK,33,65.46363636363637,Cibicom A/S
Q1: GOLD STANDARD,9268,AU,32,63.55454545454546,Over The Wire Pty Ltd
Q1: GOLD STANDARD,21283,SI,32,75.86206896551724,A1 Slovenija d.d.
Q1: GOLD STANDARD,31313,RO,31,62.903225806451616,Serviciul de Telecomunicatii Speciale
Q1: GOLD STANDARD,62403,DE,30,96.07741935483871,PletX GmbH
Q1: GOLD STANDARD,15296,CA,30,81.65862068965517,Cybera Inc
Q1: GOLD STANDARD,40792,US,30,63.217241379310344,CYBERVERSE
Q1: GOLD STANDARD,29278,HU,30,84.44666666666667,Rackhost Zrt.
Q1: GOLD STANDARD,206810,RU,30,70.6896551724138,"GUP DNR ""UGLETELECOM"""
Q1: GOLD STANDARD,5408,GR,29,89.28571428571429,National Infrastructures for Research and Technology S.A.
Q1: GOLD STANDARD,3329,GR,29,62.06896551724138,Vodafone Greece
Q1: GOLD STANDARD,399855,US,29,62.528571428571425,"Keystone REN, LLC"
Q1: GOLD STANDARD,15704,ES,28,72.32142857142857,XTRA TELECOM S.A.
Q1: GOLD STANDARD,12843,DE,28,83.70370370370371,TelemaxX Telekommunikation GmbH
Q1: GOLD STANDARD,208905,IL,28,70.6,Exelera Telecom Ltd
Q1: GOLD STANDARD,14041,US,27,84.23703703703704,University Corporation for Atmospheric Research
Q1: GOLD STANDARD,62206,UA,27,92.5925925925926,Pitline Ltd
Q1: GOLD STANDARD,8501,PL,26,73.55,"Institute of Bioorganic Chemistry Polish Academy of Science, Poznan Supercomputing and Networking Center"
Q1: GOLD STANDARD,215120,AT,25,80.0,Evolus IT Solutions GmbH
Q1: GOLD STANDARD,17476,HK,25,97.32608695652173,CloudRadium (HK) Limited
Q1: GOLD STANDARD,47692,AT,25,80.44,Nessus GmbH
Q1: GOLD STANDARD,42313,AL,24,80.55416666666666,ONE ALBANIA SH.A.
Q1: GOLD STANDARD,33915,NL,24,86.95652173913044,Vodafone Libertel B.V.
Q1: GOLD STANDARD,25512,CZ,23,84.21052631578948,CD-Telematika a.s.
Q1: GOLD STANDARD,31376,RU,23,68.84347826086957,Smart Telecom Limited
Q1: GOLD STANDARD,393444,US,21,67.60952380952382,Accelecom
Q1: GOLD STANDARD,45204,MN,21,100.0,GEMNET LLC
Q1: GOLD STANDARD,42927,PL,21,60.314285714285724,S-NET Sp. z o.o.
Q1: GOLD STANDARD,60446,TR,20,97.22222222222223,Datema Bilisim Ticaret Anonim Sirketi
Q1: GOLD STANDARD,63516,ID,20,87.03888888888889,Transhybrid Internet Xchange
Q1: GOLD STANDARD,2586,EE,20,70.0,Elisa Eesti AS
Q1: GOLD STANDARD,265080,BR,20,81.66499999999999,AD TELECOM
Q1: GOLD STANDARD,2603,DK,20,67.3344827586207,NORDUnet
Q2: THE VICTIMS,33891,DE,34392,62.882559990566584,Core-Backbone GmbH
Q2: THE VICTIMS,20485,RU,32970,62.837206657707014,TransTeleCom JSC
Q2: THE VICTIMS,3303,CH,9224,62.322489138768205,Swisscom (Schweiz) AG
Q2: THE VICTIMS,1103,NL,6177,67.29648405560098,SURF B.V.
Q2: THE VICTIMS,13030,CH,5186,67.55868965517242,Init7 (Switzerland) Ltd.
Q2: THE VICTIMS,5405,DE,2450,71.74550706033376,Inter.link GmbH
Q2: THE VICTIMS,9808,CN,2366,67.26523809523809,China Mobile Backbone
Q2: THE VICTIMS,9304,HK,2213,65.11553211888781,HGC Global Communications Limited
Q2: THE VICTIMS,1764,AT,2117,65.49578005115089,Next Layer Telecommunications
Q2: THE VICTIMS,42708,SE,2069,69.8336693548387,Glesys AB
Q2: THE VICTIMS,21859,US,1256,75.90324324324325,Zenlayer Inc
Q2: THE VICTIMS,14789,US,1252,67.98831041257368,"Cloudflare, Inc."
Q2: THE VICTIMS,50629,DE,1216,63.715985130111534,LWLcom GmbH
Q2: THE VICTIMS,1257,EU,1151,64.30984555984556,Tele2 Sverige AB
Q2: THE VICTIMS,23764,HK,945,65.5632299927902,China Telecom Global
Q2: THE VICTIMS,60068,GB,753,65.07977099236642,Datacamp Limited (CDN77 / DataPacket)
Q2: THE VICTIMS,3223,GB,679,74.95386779184247,Voxility LLP
Q2: THE VICTIMS,4800,ID,638,74.34913194444445,PT Aplikanusa Lintasarta
Q2: THE VICTIMS,23520,US,634,70.4764525993884,"Columbus Networks USA, Inc."
Q2: THE VICTIMS,23947,ID,469,73.85643340857789,PT Mora Telematika Indonesia Tbk
Q2: THE VICTIMS,18229,IN,448,93.3693298969072,CtrlS
Q2: THE VICTIMS,10075,BD,399,97.57881548974943,Fiber@Home Global Limited
Q2: THE VICTIMS,55836,IN,395,78.24816753926702,Reliance Jio Infocomm Limited
Q2: THE VICTIMS,55410,IN,370,79.09378378378379,Vodafone Idea Ltd
Q2: THE VICTIMS,45820,IN,336,80.34241573033708,Tata Teleservices ISP
Q2: THE VICTIMS,35297,UA,320,67.17830188679247,Dataline LLC
Q2: THE VICTIMS,139009,BD,320,98.50193548387097,Windstream Communication Limited
Q2: THE VICTIMS,13237,DE,317,60.27464285714285,euNetworks GmbH
Q2: THE VICTIMS,29119,ES,314,81.24984326018809,AIRE NETWORKS DEL MEDITERRANEO SL UNIPERSONAL
Q2: THE VICTIMS,206499,GB,301,76.70074626865673,LOCIX LIMITED
Q2: THE VICTIMS,24785,NL,297,81.45510204081633,Joint Transit (Broadband Hosting B.V.)
Q2: THE VICTIMS,42337,IR,278,89.54496402877697,Respina Networks & Beyond PJSC
Q2: THE VICTIMS,58682,BD,277,98.70652173913044,Level3 Carrier Ltd.
Q2: THE VICTIMS,139341,SG,259,71.819375,WeChat/QQ CDN
Q2: THE VICTIMS,54994,CA,253,75.07257142857142,Meteverse Limited
Q2: THE VICTIMS,35661,FR,251,66.51275167785236,VIRTUA SYSTEMS SAS
Q2: THE VICTIMS,20940,NL,250,70.27714285714285,Akamai International B.V.
Q2: THE VICTIMS,12552,SE,240,61.38713692946058,GlobalConnect (IP-Only)
Q2: THE VICTIMS,59796,SK,238,82.38008474576272,StormWall s.r.o.
Q2: THE VICTIMS,9299,PH,231,69.79786324786325,PLDT (Philippine Long Distance Telephone Company)
Q2: THE VICTIMS,9730,IN,230,85.54541484716158,Bharti Telesonic Ltd
Q2: THE VICTIMS,24429,CN,226,74.51569343065694,Alibaba Cloud
Q2: THE VICTIMS,133095,ID,224,90.19174757281553,PT Pusat Fiber Indonesia
Q2: THE VICTIMS,131111,ID,222,72.15867346938775,PT Mora Telematika Indonesia Tbk
Q2: THE VICTIMS,43298,RU,221,60.082673267326726,Storm Networks LLC
Q2: THE VICTIMS,4787,ID,221,77.25662100456621,PT Cyberindo Aditama
Q2: THE VICTIMS,6663,RO,210,68.59157303370787,Türk Telekom International
Q2: THE VICTIMS,7717,ID,208,77.74337016574586,OpenIXP Route Servers
Q2: THE VICTIMS,17557,PK,203,80.46711711711713,Pakistan Telecommunication Company Limited
Q2: THE VICTIMS,8717,BG,199,87.12878787878786,A1 Bulgaria EAD
Q2: THE VICTIMS,38195,AU,198,68.67487179487179,Superloop
Q2: THE VICTIMS,9009,RO,193,73.7210743801653,M247 Europe SRL
Q2: THE VICTIMS,199995,UA,188,64.61428571428571,Omega Telecom LLC
Q2: THE VICTIMS,57344,BG,180,86.06833333333333,Telehouse EAD
Q2: THE VICTIMS,6204,RO,177,81.39483870967743,INTERKVM HOST SRL
Q2: THE VICTIMS,9050,RO,174,67.66342857142857,Orange Romania S.A.
Q2: THE VICTIMS,16509,US,170,82.221875,"Amazon.com, Inc."
Q2: THE VICTIMS,8866,BG,170,95.1309090909091,Vivacom Bulgaria EAD
Q2: THE VICTIMS,30781,FR,170,68.30833333333332,Free Pro SAS
Q2: THE VICTIMS,36236,US,169,69.9054054054054,"NetActuate, Inc"
Q2: THE VICTIMS,8455,NL,166,82.51360544217687,atom86 BV
Q2: THE VICTIMS,52361,AR,165,89.50462427745664,ARSAT - Empresa Argentina de Soluciones Satelitales S.A.
Q2: THE VICTIMS,41327,IT,164,84.20975609756098,Fiber Telecom S.p.A.
Q2: THE VICTIMS,34224,BG,162,89.07546012269938,Neterra Ltd.
Q2: THE VICTIMS,12578,LV,161,77.53167701863354,SIA Tet
Q2: THE VICTIMS,5603,SI,156,69.07549668874172,"Telekom Slovenije, d.d."
Q2: THE VICTIMS,24961,DE,152,64.61605839416058,WIIT AG (fka. myLoc Managed IT AG)
Q2: THE VICTIMS,45903,VN,150,85.3512987012987,CMC Telecom Infrastructure Company
Q2: THE VICTIMS,58495,ID,148,87.27151898734176,PT Parsaoran Global Datatrans
Q2: THE VICTIMS,4788,MY,148,64.30239999999999,TM Technology Services Sdn. Bhd.
Q2: THE VICTIMS,58715,BD,146,97.1625,EARTH TELECOMMUNICATION (Pvt) LTD.
Q2: THE VICTIMS,18678,CO,145,62.66153846153846,INTERNEXA S.A. E.S.P
Q2: THE VICTIMS,43754,IR,141,93.76950354609929,Asiatech Data Transmission company
Q2: THE VICTIMS,7552,VN,139,81.07112676056339,Viettel Group
Q2: THE VICTIMS,38193,PK,138,80.93884892086331,Transworld Associates (Pvt.) Ltd.
Q2: THE VICTIMS,52320,CO,135,67.8027027027027,V.tal (GlobeNet)
Q2: THE VICTIMS,45899,VN,134,77.11864406779662,VNPT Corp
Q2: THE VICTIMS,55685,ID,134,84.65080645161291,PT Jala Lintas Media
Q2: THE VICTIMS,17665,IN,134,91.34645669291339,ONEOTT INTERTAINMENT LIMITED
Q2: THE VICTIMS,42020,LB,132,97.99166666666666,OGERO
Q2: THE VICTIMS,17995,ID,129,64.05153846153847,PT iForte Global Internet
Q2: THE VICTIMS,44901,BG,127,88.0392857142857,Belcloud LTD
Q2: THE VICTIMS,4775,PH,126,73.76532258064516,Globe Telecoms
Q2: THE VICTIMS,64315,ID,126,92.80888888888889,PT Mitra Visioner Pratama
Q2: THE VICTIMS,150178,BD,124,96.5632,EXABYTE LTD
Q2: THE VICTIMS,17762,IN,121,86.4640522875817,Tata Teleservices Maharashtra Ltd
Q2: THE VICTIMS,44066,DE,121,82.72727272727273,firstcolo GmbH
Q2: THE VICTIMS,4455,GB,118,60.14245283018868,IX Reach Ltd
Q2: THE VICTIMS,39686,NL,118,63.262162162162156,Eurofiber Nederland BV
Q2: THE VICTIMS,49581,DE,118,94.76,Ferdinand Zink trading as Tube-Hosting
Q2: THE VICTIMS,9198,KZ,116,62.047107438016525,JSC Kazakhtelecom
Q2: THE VICTIMS,31287,BG,115,90.79117647058824,IPACCT CABLE Ltd
Q2: THE VICTIMS,8434,SE,111,74.89999999999999,Telenor Sverige AB
Q2: THE VICTIMS,34779,SI,108,74.69166666666666,"T-2, d.o.o."
Q2: THE VICTIMS,268696,BR,108,60.293577981651374,Tuddo Telecom Ltda.
Q2: THE VICTIMS,6424,PT,107,61.59253731343285,EDGOO NETWORKS
Q2: THE VICTIMS,58224,IR,103,85.78252427184466,Iran Telecommunication Company PJS
Q2: THE VICTIMS,45117,IN,103,85.01559633027523,Ishan Netsol Pvt Ltd
Q2: THE VICTIMS,56630,LT,102,68.93882352941176,Melbikomas UAB
Q2: THE VICTIMS,47232,CZ,99,79.3439393939394,ISP Alliance a.s.
Q2: THE VICTIMS,136557,AU,99,81.73152173913044,Host Universal Pty Ltd
Q2: THE VICTIMS,39737,RO,97,65.13571428571429,Prime Telecom srl
Q2: THE VICTIMS,15412,GB,96,76.32741935483872,Flag Telecom UK Limited
Q2: THE VICTIMS,15557,FR,94,62.19670329670329,SFR SA
Q2: THE VICTIMS,10099,HK,93,77.73253012048193,China Unicom Global
Q2: THE VICTIMS,141137,ID,93,84.16555555555556,PT Media Cepat Indonesia
Q2: THE VICTIMS,12735,TR,93,90.1031914893617,TurkNet Iletisim Hizmetleri A.S.
Q2: THE VICTIMS,5606,RO,92,63.8065934065934,GTS Telecom SRL
Q2: THE VICTIMS,35168,KZ,91,66.84505494505494,TNS-Plus LLP
Q2: THE VICTIMS,263703,VE,90,73.12444444444444,VIGINET C.A (vnet)
Q2: THE VICTIMS,8262,BG,89,82.4113924050633,Evolink EAD
Q2: THE VICTIMS,63293,US,89,79.6054945054945,Meta (CDN Network)
Q2: THE VICTIMS,62610,US,88,96.55172413793103,Zenlayer Inc
Q2: THE VICTIMS,138915,HK,86,79.69108910891089,Kaopu Cloud HK Limited
Q2: THE VICTIMS,55824,IN,86,92.67999999999999,NKN Core Network
Q2: THE VICTIMS,29802,US,85,74.175,"HIVELOCITY, Inc."
Q2: THE VICTIMS,63927,HK,83,89.47127659574467,RISE
Q2: THE VICTIMS,17439,IN,83,86.38295454545454,NTT Communications India Pvt. Ltd.
Q2: THE VICTIMS,45458,TH,82,65.79610389610389,SBN-ISP/AWN-ISP and SBN-NIX/AWN-NIX
Q2: THE VICTIMS,11014,AR,81,79.37951807228916,Metrotel
Q2: THE VICTIMS,38731,VN,80,73.34814814814814,Viettel - CHT Company Ltd
Q2: THE VICTIMS,17494,BD,80,95.64047619047619,Bangladesh Telegraph & Telephone Board
Q2: THE VICTIMS,57866,NL,80,80.34810126582279,Fusix Networks B.V.
Q2: THE VICTIMS,35753,SA,80,62.00232558139535,Etihad Salam Telecom CJSC
Q2: THE VICTIMS,45305,ID,80,83.15853658536585,PT Lintas Data Prima
Q2: THE VICTIMS,42473,AT,80,60.44516129032258,Anexia Cloud Solutions GmbH
Q2: THE VICTIMS,47605,FI,79,61.013698630137,FNE-Finland Oy
Q2: THE VICTIMS,9829,IN,78,79.9329268292683,BSNL (Bharat Sanchar Nigam Ltd)
Q2: THE VICTIMS,9119,SI,76,77.14868421052631,SOFTNET d.o.o.
Q2: THE VICTIMS,35805,GE,76,63.52236842105264,"JSC ""Silknet"""
Q2: THE VICTIMS,47147,AT,75,65.1768115942029,Anexia Cloud Solutions GmbH
Q2: THE VICTIMS,835,CA,75,61.06860465116279,GoCodeIT Inc
Q2: THE VICTIMS,17408,TW,74,89.36567164179104,AboveNet Communications Taiwan
Q2: THE VICTIMS,133296,IN,74,79.53698630136985,Web Werks India Pvt. Ltd.
Q2: THE VICTIMS,15802,AE,74,61.221739130434784,Emirates Integrated Telecommunications Company PJSC
Q2: THE VICTIMS,30823,DE,73,96.23,aurologic GmbH
Q2: THE VICTIMS,2119,NO,72,71.63611111111112,Telenor Norge AS
Q2: THE VICTIMS,262589,BR,71,64.97922077922077,SAMM (Internexa)
Q2: THE VICTIMS,8308,PL,70,66.85972222222222,NAUKOWA I AKADEMICKA SIEC KOMPUTEROWA - PANSTWOWY INSTYTUT BADAWCZY
Q2: THE VICTIMS,135069,NZ,69,68.27971014492753,Feenix Communications Limited
Q2: THE VICTIMS,39386,SA,68,60.0304347826087,Saudi Telecom Company JSC
Q2: THE VICTIMS,17451,ID,68,70.31212121212121,Biznet Networks
Q2: THE VICTIMS,12310,RO,67,68.77761194029851,iNES GROUP SRL
Q2: THE VICTIMS,3267,RU,66,61.43088235294118,National Research Computer Network of Russia
Q2: THE VICTIMS,29208,CZ,66,69.15076923076923,"Quantcom, a.s."
Q2: THE VICTIMS,29049,AZ,66,72.96666666666665,Delta Telecom Ltd
Q2: THE VICTIMS,35625,FR,66,73.7328125,Eurofiber France SAS
Q2: THE VICTIMS,137491,BD,65,95.95303030303032,Peerex Networks Ltd
Q2: THE VICTIMS,132770,IN,64,97.4328125,Gazon Communications India Limited
Q2: THE VICTIMS,13194,LT,64,81.02564102564102,"UAB ""Bite Lietuva"""
Q2: THE VICTIMS,139057,SG,63,75.48088235294118,Legend Dynasty Pte. Ltd.
Q2: THE VICTIMS,21433,GB,63,82.69310344827586,Accenture UK Limited
Q2: THE VICTIMS,26042,US,62,74.840625,"FiberState, LLC"
Q2: THE VICTIMS,3399,SE,61,77.35849056603773,Obenet AB
Q2: THE VICTIMS,49800,AM,61,92.1875,GNC-Alfa CJSC
Q2: THE VICTIMS,132280,TH,61,69.57741935483871,Symphony Communication (Thailand) PCL.
Q2: THE VICTIMS,263702,CL,60,80.96458333333334,GRUPO ZGH SPA
Q2: THE VICTIMS,196844,PL,59,67.07887323943662,"Institute of Bioorganic Chemistry Polish Academy of Science, Poznan Supercomputing and Networking Center"
Q2: THE VICTIMS,30058,US,59,80.42758620689654,FDCservers.net
Q2: THE VICTIMS,41095,GB,59,65.10131578947369,IPTP LTD
Q2: THE VICTIMS,4651,TH,59,67.50862068965517,The Communications Authority of Thailand (CAT)
Q2: THE VICTIMS,8849,LT,58,76.04107142857143,Melbikomas UAB
Q2: THE VICTIMS,58511,AU,58,68.85909090909091,Swoop (Anycast Global Backbone)
Q2: THE VICTIMS,12297,AM,58,88.96551724137932,Telecom Armenia OJSC
Q2: THE VICTIMS,150748,BD,58,100.0,Gmax
Q2: THE VICTIMS,63023,US,57,92.80892857142858,GTHost
Q2: THE VICTIMS,58656,BD,56,100.0,bdHUB Limited
Q2: THE VICTIMS,52444,AR,56,93.97857142857143,Pogliotti & Pogliotti Construcciones S.A.
Q2: THE VICTIMS,4780,TW,55,89.69107142857142,Digital United Inc.
Q2: THE VICTIMS,135718,IN,55,98.52631578947368,DISHAWAVES INFONET PVT. LTD
Q2: THE VICTIMS,4750,TH,55,88.27547169811321,CS LOXINFO PUBLIC COMPANY LIMITED
Q2: THE VICTIMS,41313,BG,55,70.33913043478262,"""NOVATEL"" EOOD"
Q2: THE VICTIMS,17433,HK,54,74.54545454545455,Hytron Network Services Limited
Q2: THE VICTIMS,55818,ID,53,87.69692307692308,Matrix Cable Internet Exchange
Q2: THE VICTIMS,149994,BD,53,93.25490196078431,Rego Communications Ltd
Q2: THE VICTIMS,202984,RU,53,60.13461538461539,Team-Host (Chernyshov Aleksandr Aleksandrovich)
Q2: THE VICTIMS,24198,ID,52,90.12307692307692,PT Datakom Padma Jaya
Q2: THE VICTIMS,4229,US,52,91.98727272727272,Zenlayer Inc
Q2: THE VICTIMS,3170,GB,52,79.26808510638298,VeloxServ Communications Ltd
Q2: THE VICTIMS,8449,KG,52,80.95849056603774,"""ElCat"" Ltd."
Q2: THE VICTIMS,35104,KZ,51,66.19607843137256,Jusan Mobile JSC
Q2: THE VICTIMS,9931,TH,51,67.17058823529412,National Telecom Public Company Limited
Q2: THE VICTIMS,137085,IN,51,82.91698113207548,ANONET COMMUNICATIONS PVT LTD
Q2: THE VICTIMS,45430,TH,51,80.271875,SBN-IIG/AWN-IIG transit provider
Q2: THE VICTIMS,56048,CN,51,62.839215686274514,China Mobile Group Beijing Company
Q2: THE VICTIMS,8764,LT,51,62.431372549019606,"Telia Lietuva, AB"
Q2: THE VICTIMS,44306,HR,50,73.42133333333334,OMONIA d.o.o.
Q2: THE VICTIMS,55850,NZ,50,77.34920634920636,Mercury NZ Limited
Q2: THE VICTIMS,23688,BD,49,99.794,Link3 Technologies Ltd.
Q2: THE VICTIMS,6205,TR,49,92.84081632653061,HizliNet Teknoloji A.S.
Q2: THE VICTIMS,136334,IN,49,89.16041666666668,Vortex Netsol Private Limited
Q2: THE VICTIMS,27951,CO,49,74.05576923076923,Media Commerce Partners S.A
Q2: THE VICTIMS,8926,MD,48,80.85106382978724,Moldtelecom SA
Q2: THE VICTIMS,9658,PH,48,64.24166666666666,"Eastern Telecommunications Philippines, Inc."
Q2: THE VICTIMS,56258,ID,48,80.34897959183674,PT PGAS Telekomunikasi Nusantara
Q2: THE VICTIMS,8932,AM,47,82.07454545454546,Ucom CJSC
Q2: THE VICTIMS,135905,VN,47,84.2195652173913,Vietnam P&T
Q2: THE VICTIMS,12301,HU,47,81.65625,Invitech ICT Services Kft.
Q2: THE VICTIMS,24875,NL,45,91.68,NovoServe B.V.
Q2: THE VICTIMS,216211,US,44,63.3325,CYBERVERSE LLC
Q2: THE VICTIMS,9924,TW,44,84.22,"Taiwan Fixed Network, Telco and Network Service Provider."
Q2: THE VICTIMS,6774,BE,44,69.33392857142857,BICS (Belgacom)
Q2: THE VICTIMS,196925,AZ,43,77.59069767441859,Azertelecom LLC
Q2: THE VICTIMS,212330,IQ,43,97.35581395348838,"Civilisation Information Technology, communication and internet services Co., LTD"
Q2: THE VICTIMS,14593,US,43,71.29462365591398,SpaceX Starlink
Q2: THE VICTIMS,394177,US,43,78.48125,Shift Hosting LLC
Q2: THE VICTIMS,149765,BD,42,99.70232558139534,Coronet Corporation Limited
Q2: THE VICTIMS,28458,MX,42,68.8,IENTC Telecom
Q2: THE VICTIMS,36352,US,41,77.29512195121951,HostPapa
Q2: THE VICTIMS,15440,LT,41,78.04878048780488,"UAB ""Baltnetos komunikacijos"""
Q2: THE VICTIMS,13249,UA,41,61.42926829268293,"PRIVATE JOINT STOCK COMPANY ""DATAGROUP"""
Q2: THE VICTIMS,6661,LU,41,60.03095238095237,POST Luxembourg
Q2: THE VICTIMS,6799,GR,40,70.2775,Ote SA (Hellenic Telecommunications Organisation)
Q2: THE VICTIMS,49981,NL,40,97.16749999999999,WorldStream B.V.
Q2: THE VICTIMS,134823,TW,40,85.36585365853658,"Sky Digital Co., Ltd."
Q2: THE VICTIMS,42831,GB,39,82.30975609756098,UK Dedicated Servers Limited
Q2: THE VICTIMS,61049,GB,39,74.03793103448277,Exascale Ltd
Q2: THE VICTIMS,6667,FI,39,65.95128205128206,Elisa Oyj
Q2: THE VICTIMS,140641,IN,39,83.86153846153847,YOTTA NETWORK SERVICES PRIVATE LIMITED
Q2: THE VICTIMS,151690,IN,39,100.0,FAB FIVE NETWORK PRIVATE LIMITED
Q2: THE VICTIMS,2588,LV,39,76.26666666666667,Bite Latvia
Q2: THE VICTIMS,55330,AF,39,77.10769230769232,Afghan Telecom
Q2: THE VICTIMS,138423,PK,38,94.69736842105263,CMPak Limited
Q2: THE VICTIMS,34250,UZ,38,66.76578947368422,Uzbektelekom (UzPAK)
Q2: THE VICTIMS,38264,PK,38,74.90263157894738,Wateen Telecom
Q2: THE VICTIMS,58945,BD,38,97.36842105263158,Virgo Communication Ltd
Q2: THE VICTIMS,24323,BD,37,99.32432432432432,aamra networks limited
Q2: THE VICTIMS,49100,IR,37,97.00810810810812,Pishgaman Toseeh Ertebatat Company (Private Joint Stock)
Q2: THE VICTIMS,9902,KH,37,87.10277777777777,NTC Neocom
Q2: THE VICTIMS,24940,DE,37,77.13947368421051,Hetzner Online GmbH
Q2: THE VICTIMS,6866,CY,37,81.5027027027027,Cyprus Telecommunications Authority
Q2: THE VICTIMS,263238,EC,36,83.72093023255815,Eliana Vanessa Morocho Oña
Q2: THE VICTIMS,132215,IN,36,82.53888888888889,Powergrid Teleservices Limited
Q2: THE VICTIMS,38235,KH,36,89.65294117647058,ANGKOR DATA COMMUNICATION
Q2: THE VICTIMS,49600,ES,36,77.95,"NEAR IP, S.L."
Q2: THE VICTIMS,58299,CH,35,87.87878787878788,Openfactory GmbH in Liquidation
Q2: THE VICTIMS,45629,TH,35,82.42285714285715,JasTel Network International Gateway
Q2: THE VICTIMS,21013,AT,35,65.60285714285715,eww ag
Q2: THE VICTIMS,263774,AR,35,90.3225806451613,MARANDU COMUNICACIONES SOCIEDAD DEL ESTADO
Q2: THE VICTIMS,27947,EC,35,81.94444444444444,Telconet S.A
Q2: THE VICTIMS,20771,GE,35,66.98571428571428,Caucasus Online Ltd.
Q2: THE VICTIMS,15169,US,35,94.35,Google LLC
Q2: THE VICTIMS,45352,MY,35,66.23714285714286,IP ServerOne Solutions Sdn. Bhd.
Q2: THE VICTIMS,146788,CN,34,88.76470588235294,"China Broadcasting Network Co., Ltd"
Q2: THE VICTIMS,58678,IN,34,97.32058823529411,Intech Online Private Limited
Q2: THE VICTIMS,270158,MX,34,80.93030303030302,Wantelco SAS de CV
Q2: THE VICTIMS,42,US,34,75.38461538461539,"WoodyNet, Inc."
Q2: THE VICTIMS,12849,IL,34,60.12,Hot-Net internet services Ltd.
Q2: THE VICTIMS,63961,BD,34,97.79411764705883,Bangladesh Research and Education Network (BdREN)
Q2: THE VICTIMS,17501,NP,34,97.05882352941177,WorldLink Communications Pvt Ltd
Q2: THE VICTIMS,63199,US,34,97.55,"CDS Global Cloud Co., Ltd"
Q2: THE VICTIMS,15576,CH,34,96.73235294117647,NTS workspace AG
Q2: THE VICTIMS,132116,IN,33,83.84615384615384,Anonet Network Private Limited
Q2: THE VICTIMS,35133,NL,33,93.91153846153846,Eranium B.V.
Q2: THE VICTIMS,17621,CN,33,63.347727272727276,China Unicom Shanghai network
Q2: THE VICTIMS,24400,CN,33,66.60571428571428,"Shanghai Mobile Communications Co.,Ltd."
Q2: THE VICTIMS,48648,UA,33,90.97878787878788,K-Link LLC
Q2: THE VICTIMS,4768,NZ,33,85.32727272727273,One New Zealand Group Limited
Q2: THE VICTIMS,28725,CZ,33,66.66666666666667,CETIN a.s.
Q2: THE VICTIMS,262186,CO,32,74.57941176470588,TV AZTECA SUCURSAL COLOMBIA
Q2: THE VICTIMS,45274,NP,32,96.875,WorldLink International Transit Services
Q2: THE VICTIMS,55666,ID,32,89.65517241379311,PT Media Sarana Data
Q2: THE VICTIMS,138997,HK,32,84.84848484848484,Eons Data Communications Limited
Q2: THE VICTIMS,4007,NP,32,98.4375,"Subisu Cablenet (Pvt) Ltd, Baluwatar, Kathmandu, Nepal"
Q2: THE VICTIMS,141731,BD,32,100.0,Max Hub Limited
Q2: THE VICTIMS,42739,PL,32,71.58387096774193,Hawe Telekom S.A. in Restructuring
Q2: THE VICTIMS,133720,IN,32,100.0,Zess Networks Private Limited
Q2: THE VICTIMS,49127,NL,31,72.72727272727273,Asimo Networks B.V.
Q2: THE VICTIMS,328748,ZA,31,62.042857142857144,Agile Solutions Provider (PTY) LTD
Q2: THE VICTIMS,62000,FR,31,85.85714285714286,SERVERD SAS
Q2: THE VICTIMS,38008,HK,31,72.76220735785954,Aperture Science Limited
Q2: THE VICTIMS,25369,GB,30,81.17407407407407,Hydra Communications Ltd
Q2: THE VICTIMS,136168,MM,30,88.77428571428571,Campana MYTHIC Co. Ltd.
Q2: THE VICTIMS,133524,MM,30,79.19655172413792,"Global Technology Co., Ltd."
Q2: THE VICTIMS,18002,IN,30,86.96774193548387,World Phone Internet Services Pvt. Ltd
Q2: THE VICTIMS,25184,IR,30,83.33333333333333,Afranet
Q2: THE VICTIMS,1136,NL,30,66.49666666666667,KPN B.V.
Q2: THE VICTIMS,212477,NL,30,93.75,RoyaleHosting B.V.
Q2: THE VICTIMS,19114,EC,30,86.7709677419355,Otecel S.A.
Q2: THE VICTIMS,15836,MD,30,65.33333333333333,Arax-Impex s.r.l.
Q2: THE VICTIMS,16010,GE,30,60.553333333333335,Magticom Ltd.
Q2: THE VICTIMS,51765,FI,30,90.0,Oy Crea Nova Hosting Solution Ltd
Q2: THE VICTIMS,20207,AR,30,86.43666666666667,Gigared S.A.
Q2: THE VICTIMS,23470,US,29,84.6875,ReliableSite.Net LLC
Q2: THE VICTIMS,9136,DE,29,88.32333333333332,WOBCOM GmbH
Q2: THE VICTIMS,64302,ID,29,60.31904761904762,IDREN - Indonesia Research and Education Network
Q2: THE VICTIMS,25400,NO,28,74.07407407407408,Telia Norge AS
Q2: THE VICTIMS,21826,VE,28,78.45185185185184,Corporación Telemic C.A. (Inter)
Q2: THE VICTIMS,61512,PY,28,77.8892857142857,GIG@NET SOCIEDAD ANONIMA
Q2: THE VICTIMS,45474,SG,28,69.49677419354839,Nexusguard Pte. Ltd.
Q2: THE VICTIMS,19318,US,27,92.5925925925926,"Interserver, Inc"
Q2: THE VICTIMS,398465,US,27,81.84444444444445,Rackdog LLC
Q2: THE VICTIMS,61231,GB,27,65.92592592592592,Neos Networks (SSE PLC)
Q2: THE VICTIMS,29467,LU,27,89.62962962962963,LUXNETWORK S.A.
Q2: THE VICTIMS,25454,MD,27,69.64285714285714,Orange Moldova S.A.
Q2: THE VICTIMS,11556,PA,27,75.44642857142857,Cable & Wireless Panama
Q2: THE VICTIMS,53427,US,27,76.34285714285714,TGLOBAL NETWORKS
Q2: THE VICTIMS,133001,IN,27,99.22857142857143,Airnet Cable And Datacom Pvt Ltd
Q2: THE VICTIMS,44735,IS,27,60.492592592592594,Nova hf
Q2: THE VICTIMS,680,DE,27,64.04444444444445,Deutsches Forschungsnetz (DFN)
Q2: THE VICTIMS,63956,AU,27,81.01111111111112,5G NETWORK OPERATIONS PTY LTD
Q2: THE VICTIMS,9125,RS,27,71.42857142857143,Orion telekom d.o.o.
Q2: THE VICTIMS,58470,PK,26,87.98846153846154,Jazz Pakistan
Q2: THE VICTIMS,17806,BD,26,94.83461538461538,Mango Teleservices
Q2: THE VICTIMS,199081,GR,26,92.0,Lancom Ltd.
Q2: THE VICTIMS,55352,IN,26,95.72692307692309,Microscan Internet Limited
Q2: THE VICTIMS,53587,US,26,100.0,"AZURE TECHNOLOGY CO., LIMITED"
Q2: THE VICTIMS,140570,HK,26,70.32692307692308,Hong Kong Beecloud System Technology Services Limited
Q2: THE VICTIMS,396356,US,26,82.77666666666667,Latitude.sh
Q2: THE VICTIMS,9129,ZA,26,74.63000000000001,MTN Business Kenya
Q2: THE VICTIMS,18747,US,26,75.71739130434783,IFX Corporation
Q2: THE VICTIMS,24173,VN,26,63.46153846153846,Netnam Company
Q2: THE VICTIMS,51074,IR,26,98.71923076923076,GOSTARESH-E-ERTEBATAT-E MABNA COMPANY (Private Joint Stock)
Q2: THE VICTIMS,9230,BD,26,97.4346153846154,Bangladesh Online Ltd.
Q2: THE VICTIMS,983,US,26,78.57142857142857,Akari Networks LLC
Q2: THE VICTIMS,135636,ID,26,88.8875,PT RackH Lintas Asia
Q2: THE VICTIMS,24631,IR,25,85.384,Tose'h Fanavari Ertebabat Pasargad Arian Co. PJS
Q2: THE VICTIMS,28910,UZ,25,67.98,"""Uzbektelekom"" Joint Stock Company"
Q2: THE VICTIMS,141642,ID,25,96.15384615384616,PT Ring Media Nusantara
Q2: THE VICTIMS,137367,ID,25,70.13333333333333,PT iForte Solusi Infotek
Q2: THE VICTIMS,55821,PH,25,76.48695652173913,"RADIUS TELECOMS, INC."
Q2: THE VICTIMS,35200,GB,25,91.66666666666667,TransitX Ltd
Q2: THE VICTIMS,38182,MY,25,66.248,Extreme Broadband
Q2: THE VICTIMS,13004,RS,25,83.9608695652174,Serbian Open Exchange DOO
Q2: THE VICTIMS,29518,SE,25,61.972727272727276,Bredband2 AB
Q2: THE VICTIMS,2852,CZ,25,72.688,CESNET z.s.p.o.
Q2: THE VICTIMS,197071,DE,25,92.0,active 1 GmbH
Q2: THE VICTIMS,14080,CO,25,71.22399999999999,Telmex Colombia S.A.
Q2: THE VICTIMS,133385,MM,25,88.26799999999999,Atom Myanmar Limited
Q2: THE VICTIMS,263047,BR,24,67.91363636363636,CORP BR TELECOMUNICACOES LTDA -  LINK FULL
Q2: THE VICTIMS,46475,US,24,80.95185185185184,"Limestone Networks, Inc."
Q2: THE VICTIMS,397423,US,24,78.57083333333334,Tier.Net Technologies LLC
Q2: THE VICTIMS,12615,BG,24,84.4,Global Communication Net Plc
Q2: THE VICTIMS,48678,TR,24,95.45416666666667,Pentech Bilisim Teknolojileri Sanayi Ve Ticaret Limited Sirketi
Q2: THE VICTIMS,8048,VE,24,91.33333333333333,"CANTV Servicios, Venezuela"
Q2: THE VICTIMS,13150,IL,24,63.15466666666666,CATO NETWORKS LTD
Q2: THE VICTIMS,35432,CY,24,60.727999999999994,Cablenet Communication Systems plc
Q2: THE VICTIMS,38203,BD,24,100.0,ADN Telecom Ltd.
Q2: THE VICTIMS,45650,NP,24,100.0,VIA NET COMMUNICATION LTD.
Q2: THE VICTIMS,205132,BG,24,100.0,Vivacom Bulgaria EAD
Q2: THE VICTIMS,59105,JP,24,88.88888888888889,Home NOC Operators Group
Q2: THE VICTIMS,12975,PS,24,62.916000000000004,Palestine Telecommunications Company (PALTEL)
Q2: THE VICTIMS,56911,IT,24,85.63333333333333,Warian S.R.L.
Q2: THE VICTIMS,12189,US,24,87.86666666666667,PhoenixNAP LLC
Q2: THE VICTIMS,61461,VE,24,74.63913043478261,Airtek Solutions C.A.
Q2: THE VICTIMS,24088,VN,23,89.1304347826087,Hanoi Telecom Joint Stock Company - HCMC Branch
Q2: THE VICTIMS,51088,NL,23,95.25652173913043,A2B IP B.V.
Q2: THE VICTIMS,24186,IN,23,90.0391304347826,RailTel Corporation of India Ltd
Q2: THE VICTIMS,6677,IS,23,62.06896551724138,Míla hf
Q2: THE VICTIMS,133676,IN,23,92.75217391304349,Precious netcom pvt ltd
Q2: THE VICTIMS,40581,US,23,69.02173913043478,Arkansas Research and Education Optical Network
Q2: THE VICTIMS,27988,AR,23,81.42272727272729,Servicios y Telecomunicaciones S.A.
Q2: THE VICTIMS,49666,IR,23,83.2,Telecommunication Infrastructure Company
Q2: THE VICTIMS,48422,UA,23,68.68636363636364,IT-STARCOM LLC
Q2: THE VICTIMS,47794,SA,23,78.26086956521739,Etihad GO Company For communications
Q2: THE VICTIMS,3462,TW,23,86.66666666666667,HiNet (Chunghwa Telecom)
Q2: THE VICTIMS,203446,DE,23,88.57142857142857,SMARTNET Germany GmbH
Q2: THE VICTIMS,44592,NL,23,89.1304347826087,SkyLink Data Center BV
Q2: THE VICTIMS,38082,TH,23,91.03333333333335,"True International Gateway Co., Ltd."
Q2: THE VICTIMS,8758,CH,23,100.0,Iway AG
Q2: THE VICTIMS,56595,GB,23,61.77826086956522,Commsworld Ltd
Q2: THE VICTIMS,264996,BR,23,70.45454545454545,SERVLINK TELECOM LTDA - ME
Q2: THE VICTIMS,141898,ID,23,69.56521739130434,PT Milenial Inti Telekomunikasi
Q2: THE VICTIMS,396986,US,23,81.62647058823529,"Bytedance, Inc. (TikTok)"
Q2: THE VICTIMS,38758,ID,23,85.50869565217391,PT Hipernet Indodata
Q2: THE VICTIMS,55808,TH,22,90.47619047619048,Triple T Broadband Public Company Limited
Q2: THE VICTIMS,136255,MM,22,80.74347826086957,Mytel Myanmar
Q2: THE VICTIMS,27717,VE,22,83.94090909090909,Corporacion Digitel C.A.
Q2: THE VICTIMS,8637,ES,22,93.18095238095238,"SpainWISP, S.L."
Q2: THE VICTIMS,39801,FR,22,84.08500000000001,France-IX L3 Services
Q2: THE VICTIMS,9505,TW,22,79.6,Taiwan Internet Gateway
Q2: THE VICTIMS,8517,TR,22,82.32272727272726,National Academic Network and Information Center
Q2: THE VICTIMS,23961,US,22,60.60454545454545,"Misaka Network, Inc."
Q2: THE VICTIMS,24514,MY,22,68.20476190476191,MINISTRY OF HIGHER EDUCATION MALAYSIA
Q2: THE VICTIMS,23956,BD,22,100.0,AmberIT Limited
Q2: THE VICTIMS,6736,IR,22,69.0909090909091,Institute for Research in Fundamental Sciences
Q2: THE VICTIMS,28258,BR,22,90.58,VERO S.A
Q2: THE VICTIMS,9723,AU,22,77.25909090909092,iseek Communications Pty Ltd
Q2: THE VICTIMS,203214,IQ,22,90.53181818181818,Hulum Almustakbal Company
Q2: THE VICTIMS,12387,CH,22,77.91666666666667,TON Total optical Networks AG
Q2: THE VICTIMS,376,CA,22,77.2090909090909,Reseau d'Informations Scientifiques du Quebec (RISQ Inc.)
Q2: THE VICTIMS,150279,ID,22,89.33200000000001,PT Lintas Network Solusi
Q2: THE VICTIMS,135377,HK,22,92.4047619047619,UCLOUD INFORMATION TECHNOLOGY (HK) LIMITED
Q2: THE VICTIMS,262342,BR,22,60.31904761904762,WZNET TELECOM LTDA
Q2: THE VICTIMS,32425,US,22,61.11363636363637,Pixel Factory
Q2: THE VICTIMS,39122,IE,21,89.80909090909091,Blacknight Internet Solutions Limited
Q2: THE VICTIMS,39120,IT,21,85.9095238095238,Convergenze S.p.A.
Q2: THE VICTIMS,6846,UA,21,66.51904761904763,"Joint Ukrainan-German Enterprise ""INFOCOM"" LLC"
Q2: THE VICTIMS,51396,DE,21,81.81818181818181,Pfcloud UG (haftungsbeschrankt)
Q2: THE VICTIMS,14754,GT,21,71.04761904761905,Claro Guatemala (Telgua)
Q2: THE VICTIMS,58629,BD,21,100.0,Global Fair Communications Ltd.
Q2: THE VICTIMS,43766,SA,21,66.88181818181819,Zain Saudi Arabia
Q2: THE VICTIMS,9541,PK,21,77.27272727272727,Cyber Internet Services (Pvt) Ltd.
Q2: THE VICTIMS,29752,US,21,70.06190476190477,Zenlayer Inc
Q2: THE VICTIMS,12684,LU,21,68.16818181818182,SES ASTRA S.A.
Q2: THE VICTIMS,4618,TH,21,61.714285714285715,Internet Thailand Company Limited
Q2: THE VICTIMS,57630,SE,21,61.62380952380952,84 Grams AB
Q2: THE VICTIMS,146943,IN,21,88.21428571428571,Tier 4 Cloud Services
Q2: THE VICTIMS,31549,IR,20,90.0,Aria Shatel PJSC
Q2: THE VICTIMS,150593,IN,20,100.0,Dataexpress Pvt Ltd
Q2: THE VICTIMS,8781,QA,20,65.55714285714285,Ooredoo Q.S.C.
Q2: THE VICTIMS,34177,FR,20,66.94500000000001,Celeste SAS
Q2: THE VICTIMS,138089,ID,20,93.94090909090909,PT Global Media Data Prima
Q2: THE VICTIMS,26548,US,20,86.42727272727274,PureVoltage Hosting Inc.
Q2: THE VICTIMS,49304,HK,20,85.0,SAKURA LINK LIMITED
Q2: THE VICTIMS,43139,UA,20,65.64999999999999,Maximum-Net LLC
Q2: THE VICTIMS,33185,CA,20,75.0,Hive Data Center Inc.
Q2: THE VICTIMS,17625,IN,20,76.3157894736842,BlazeNet's Network
Q2: THE VICTIMS,20712,GB,20,62.5,Andrews & Arnold Ltd
Q3: WASTED TECH,6939,US,79854,52.73727730576598,Hurricane Electric LLC
Q3: WASTED TECH,3356,US,74023,54.33631815759872,Lumen (Level 3)
Q3: WASTED TECH,174,US,73342,55.878832236036004,"Cogent Communications, LLC"
Q3: WASTED TECH,6461,US,71737,56.50972394114411,Zayo Bandwidth
Q3: WASTED TECH,1299,SE,70874,56.304386808061395,Arelion (fka. Telia Carrier)
Q3: WASTED TECH,3257,US,69204,57.11084351176326,GTT Communications Inc.
Q3: WASTED TECH,7018,US,69063,44.83667230546158,"AT&T Enterprises, LLC"
Q3: WASTED TECH,701,US,68366,57.67222715698466,Verizon Business
Q3: WASTED TECH,2914,US,68256,57.843309279433925,"NTT America, Inc."
Q3: WASTED TECH,6453,US,67132,57.999925216338454,TATA Communications (America) Inc
Q3: WASTED TECH,3491,HK,66592,58.3753511145471,PCCW Global (HK) Ltd.
Q3: WASTED TECH,3320,DE,66584,58.530629554655874,Deutsche Telekom AG
Q3: WASTED TECH,4637,HK,66534,57.79883561643835,Telstra International Limited
Q3: WASTED TECH,6762,IT,65544,57.95559325554825,Telecom Italia Sparkle (Seabone)
Q3: WASTED TECH,1273,EU,62062,58.141935044464766,Vodafone Group PLC
Q3: WASTED TECH,6830,NL,61620,58.21396512179691,Liberty Global Europe Holding B.V.
Q3: WASTED TECH,12956,ES,61269,58.17976610682285,Telxius (Telefonica Global)
Q3: WASTED TECH,5511,FR,61062,57.94825430199745,Orange S.A.
Q3: WASTED TECH,7922,US,21236,56.13325964486915,"Comcast Cable Communications, LLC"
Q3: WASTED TECH,20473,US,16668,59.50336387059834,"The Constant Company, LLC"
Q3: WASTED TECH,7575,AU,8318,55.76686838124054,Australian Academic and Research Network (AARNet)
Q3: WASTED TECH,8359,RU,4953,51.96204658266514,MTS PJSC
Q3: WASTED TECH,8220,GB,4703,55.40241529688024,COLT
Q3: WASTED TECH,38255,CN,4183,0.02060721969878078,China Education and Research Network (CERNET)
Q3: WASTED TECH,15830,NL,3591,53.510897722197406,"Equinix, Inc."
Q3: WASTED TECH,31133,RU,2773,44.63974527887572,MegaFon PJSC
Q3: WASTED TECH,32787,US,2764,45.18093220338984,Akamai (Prolexic)
Q3: WASTED TECH,852,CA,2095,48.073470623864324,TELUS Communications Inc.
Q3: WASTED TECH,16735,BR,2020,44.58713298791019,Algar Telecom
Q3: WASTED TECH,53062,BR,1552,40.574766355140184,GGNET TELECOMUNICACOES LTDA
Q3: WASTED TECH,46887,US,1379,24.35748218527316,Zayo Bandwidth
Q3: WASTED TECH,1031,US,1286,48.04688279301746,PEER 1031 LLC
Q3: WASTED TECH,4230,BR,1207,46.5351554663992,Claro (Embratel)
Q3: WASTED TECH,8447,AT,1130,45.81609977324263,A1 Telekom Austria AG
Q3: WASTED TECH,9049,RU,925,37.33869346733669,"JSC ""ER-Telecom Holding"""
Q3: WASTED TECH,4826,AU,880,57.25854241338112,Vocus Connect International Backbone
Q3: WASTED TECH,577,CA,719,43.21380597014925,Bell Canada
Q3: WASTED TECH,61832,BR,685,36.88680981595092,Giga+ Empresas
Q3: WASTED TECH,20804,PL,607,59.31051401869159,Exatel S.A.
Q3: WASTED TECH,22773,US,562,37.82112676056338,Cox Communications Inc.
Q3: WASTED TECH,61568,BR,530,42.50558659217877,ALOO TELECOM - FSF TECNOLOGIA SA
Q3: WASTED TECH,209,US,523,26.389612676056338,Lumen (ex. Qwest)
Q3: WASTED TECH,10429,BR,518,36.770328102710415,Vivo (Telefônica Brasil)
Q3: WASTED TECH,267613,BR,496,44.853725490196084,ELETRONET S.A.
Q3: WASTED TECH,3786,KR,468,4.6884026258205695,LG DACOM Corporation
Q3: WASTED TECH,3549,US,432,48.178494623655915,Lumen (fka. Global Crossing)
Q3: WASTED TECH,29535,PL,431,56.29348370927319,Orange Polska Spolka Akcyjna
Q3: WASTED TECH,2764,AU,415,50.0543661971831,AAPT Limited
Q3: WASTED TECH,50607,PL,411,51.08776119402985,Stowarzyszenie e-Poludnie
Q3: WASTED TECH,54004,US,399,51.637600000000006,Cablevision Lightpath LLC
Q3: WASTED TECH,28283,BR,398,47.60095011876484,Adyl Telecom
Q3: WASTED TECH,5617,PL,382,55.444473007712084,Orange Polska Spolka Akcyjna
Q3: WASTED TECH,7029,US,331,34.89367469879518,Windstream Communications LLC
Q3: WASTED TECH,52965,BR,291,45.46474820143885,1Telecom
Q3: WASTED TECH,264409,BR,284,51.71434977578475,Huge Networks
Q3: WASTED TECH,62081,PL,281,51.65567375886525,Stowarzyszenie e-Poludnie
Q3: WASTED TECH,28368,BR,278,34.24212454212455,Wirelink (Sobralnet)
Q3: WASTED TECH,6730,CH,267,54.53681818181818,Sunrise GmbH
Q3: WASTED TECH,33491,US,261,35.3364705882353,"Comcast Cable Communications, LLC"
Q3: WASTED TECH,22381,BR,256,47.36395759717315,SAMM (Megatelecom)
Q3: WASTED TECH,5650,US,248,32.41376518218623,Verizon (fka. Frontier)
Q3: WASTED TECH,10796,US,243,28.60691056910569,Charter Communications Inc
Q3: WASTED TECH,812,CA,229,27.278508771929825,Rogers Communications Canada Inc.
Q3: WASTED TECH,12874,IT,228,51.405172413793096,Fastweb SpA
Q3: WASTED TECH,53087,BR,216,42.72320675105485,TELY Ltda.
Q3: WASTED TECH,23106,BR,209,43.539069767441866,American Tower Brasil
Q3: WASTED TECH,53667,US,187,44.27624309392265,FranTech Solutions
Q3: WASTED TECH,20205,US,186,47.70727272727272,"Amplex Electric, Inc."
Q3: WASTED TECH,11164,US,186,43.327551020408166,Internet2 I2PX
Q3: WASTED TECH,28598,BR,181,36.523566878980894,MOB
Q3: WASTED TECH,3269,IT,176,39.55754189944134,TIM S.p.A. (fka. Telecom Italia S.p.A.)
Q3: WASTED TECH,269194,BR,166,38.1578947368421,ST1 INTERNET
Q3: WASTED TECH,13649,US,164,15.648780487804878,Flexential Colorado Corp.
Q3: WASTED TECH,28146,BR,163,40.731645569620255,MHNET TELECOM
Q3: WASTED TECH,20001,US,162,26.041104294478522,Charter Communications Inc
Q3: WASTED TECH,4657,SG,159,53.653481012658226,StarHub Ltd
Q3: WASTED TECH,13760,US,153,36.85526315789474,Uniti Fiber Holdings Inc.
Q3: WASTED TECH,2856,GB,152,32.75533333333333,British Telecommunications
Q3: WASTED TECH,11427,US,144,24.445833333333336,Charter Communications Inc
Q3: WASTED TECH,7015,US,144,35.56,"Comcast Cable Communications, LLC"
Q3: WASTED TECH,23005,US,141,19.356028368794323,"SWITCH, LTD"
Q3: WASTED TECH,33651,US,139,28.237313432835823,"Comcast Cable Communications, LLC"
Q3: WASTED TECH,7738,BR,133,44.38309859154929,V.tal (fka Telemar)
Q3: WASTED TECH,33667,US,133,21.769767441860466,"Comcast Cable Communications, LLC"
Q3: WASTED TECH,12129,US,132,53.93181818181818,"123.Net, Inc."
Q3: WASTED TECH,33657,US,131,29.094017094017094,"Comcast Cable Communications, LLC"
Q3: WASTED TECH,33287,US,129,28.08372093023256,"Comcast Cable Communications, LLC"
Q3: WASTED TECH,2152,US,124,15.083870967741936,CENIC - CalREN
Q3: WASTED TECH,8167,BR,124,39.34368932038834,V.tal
Q3: WASTED TECH,6079,US,123,32.875454545454545,Astound (fka. RCN)
Q3: WASTED TECH,28343,BR,120,42.4241935483871,Unifique Telecomunicações SA
Q3: WASTED TECH,6855,SK,115,57.43859649122807,"Slovak Telekom, a.s."
Q3: WASTED TECH,2907,JP,114,17.695238095238096,Science Information Network
Q3: WASTED TECH,7016,US,114,22.05438596491228,"Comcast Cable Communications, LLC"
Q3: WASTED TECH,11172,MX,114,38.509090909090915,"Alestra, S. de R.L. de C.V."
Q3: WASTED TECH,3209,DE,111,52.81099999999999,Vodafone GmbH
Q3: WASTED TECH,9790,NZ,110,50.99166666666667,Two Degrees Networks Limited
Q3: WASTED TECH,52554,BR,106,29.929000000000002,Rede MegasNet Telecomunicações
Q3: WASTED TECH,262462,BR,106,39.24953271028037,Aranet Play
Q3: WASTED TECH,3292,DK,106,58.10952380952381,TDC Holding A/S
Q3: WASTED TECH,3301,SE,103,50.55242718446602,Telia Company AB
Q3: WASTED TECH,4713,JP,103,29.18877551020408,NTT Communications Corporation (OCN)
Q3: WASTED TECH,8151,MX,100,19.375,UNINET
Q3: WASTED TECH,12025,US,93,28.30744680851064,Iron Mountain Data Centers
Q3: WASTED TECH,2116,NO,92,57.36521739130435,GLOBALCONNECT AS
Q3: WASTED TECH,28186,BR,91,40.15714285714286,ITS TELECOMUNICACOES LTDA
Q3: WASTED TECH,13767,US,91,14.221978021978023,"DataBank Holdings, Ltd."
Q3: WASTED TECH,18734,MX,90,28.24065934065934,"Operbes, S.A. de C.V."
Q3: WASTED TECH,56534,RU,87,53.77272727272727,Comfortel Ltd.
Q3: WASTED TECH,3758,SG,87,37.8,SingNet
Q3: WASTED TECH,202,US,86,27.494999999999997,"Level 3 Parent, LLC"
Q3: WASTED TECH,2519,JP,86,47.35340909090908,ARTERIA Networks Corporation
Q3: WASTED TECH,209735,GB,85,24.096385542168676,Lagrange Cloud Technologies Limited
Q3: WASTED TECH,7795,US,85,20.652564102564103,"LUMOS Networks, Inc."
Q3: WASTED TECH,28329,BR,84,35.40487804878049,SAMM  (G8/Megatelecom)
Q3: WASTED TECH,31242,PL,84,25.396428571428572,P4 Sp. z o.o.
Q3: WASTED TECH,26554,US,83,20.036585365853657,"US Signal Company, L.L.C."
Q3: WASTED TECH,52863,BR,80,45.090625,UPX TECNOLOGIA LTDA
Q3: WASTED TECH,9141,PL,79,49.422784810126586,P4 Sp. z o.o.
Q3: WASTED TECH,62,US,78,8.673076923076923,CyrusOne LLC
Q3: WASTED TECH,262476,BR,78,31.70875,BRCENTRAL TELECOM
Q3: WASTED TECH,19108,US,76,44.77567567567568,Optimum
Q3: WASTED TECH,12479,ES,76,41.44,Orange Espagne SA
Q3: WASTED TECH,263432,BR,75,33.128571428571426,CORPORATIVA TELECOMUNICACOES EIRELI ME
Q3: WASTED TECH,11796,US,74,23.942857142857143,"Airstream Communications, LLC"
Q3: WASTED TECH,3352,ES,74,49.85876288659794,TELEFONICA DE ESPANA S.A.U.
Q3: WASTED TECH,33659,US,72,21.988888888888887,"Comcast Cable Communications, LLC"
Q3: WASTED TECH,139317,CN,72,33.333333333333336,Ningbo Dahuamao Information Technology Co Ltd
Q3: WASTED TECH,32505,US,71,32.488732394366195,Conterra
Q3: WASTED TECH,13367,US,71,18.217142857142857,"Comcast Cable Communications, LLC"
Q3: WASTED TECH,17222,BR,68,12.348529411764707,MUNDIVOX DO BRASIL LTDA
Q3: WASTED TECH,15305,US,67,38.634328358208954,"Syringa Networks, LLC"
Q3: WASTED TECH,33652,US,67,26.887142857142855,"Comcast Cable Communications, LLC"
Q3: WASTED TECH,201776,RU,66,58.59701492537314,Miranda-Media Ltd
Q3: WASTED TECH,5400,GB,65,38.46212121212121,British Telecommunications (International) 
Q3: WASTED TECH,52872,BR,65,55.98030303030303,VOANET Telecomunicações Ltda.
Q3: WASTED TECH,64126,DO,64,53.208333333333336,"DOMINICAN TELECOM PRIME, DTP, S.R.L."
Q3: WASTED TECH,33650,US,64,29.4703125,"Comcast Cable Communications, LLC"
Q3: WASTED TECH,5089,GB,62,36.642105263157895,Virgin Media Limited
Q3: WASTED TECH,33668,US,62,39.932203389830505,"Comcast Cable Communications, LLC"
Q3: WASTED TECH,196695,RU,62,34.45322580645162,NetOne Rus JSC
Q3: WASTED TECH,15994,HR,61,29.7625,A1 Hrvatska d.o.o.
Q3: WASTED TECH,13876,US,61,38.39333333333333,"FiberLight, LLC"
Q3: WASTED TECH,20965,NL,60,54.849999999999994,GEANT Vereniging
Q3: WASTED TECH,7725,US,59,40.833898305084745,"Comcast Cable Communications, LLC"
Q3: WASTED TECH,19009,US,59,17.400000000000002,Everstream Solutions LLC
Q3: WASTED TECH,26801,US,59,24.50576923076923,"Zito Media, L.P."
Q3: WASTED TECH,266931,BR,59,48.828125,NOVELL INTERNET
Q3: WASTED TECH,30600,US,59,32.46935483870968,Metronet
Q3: WASTED TECH,20632,RU,59,31.945,PJSC MegaFon
Q3: WASTED TECH,262503,BR,58,53.28947368421053,WIKI TELECOMUNICACOES EIRELI
Q3: WASTED TECH,33490,US,58,36.57192982456141,Comcast (Portland/Spokane)
Q3: WASTED TECH,33660,US,57,41.75964912280702,"Comcast Cable Communications, LLC"
Q3: WASTED TECH,25159,RU,57,35.52280701754386,PJSC MegaFon
Q3: WASTED TECH,7459,US,57,18.97142857142857,"Grande Communications Networks, LLC"
Q3: WASTED TECH,1759,FI,56,44.20357142857143,Telia Finland Oyj
Q3: WASTED TECH,262740,BR,55,20.37037037037037,VELOO NET LTDA
Q3: WASTED TECH,8437,AT,55,37.36363636363637,Hutchison Drei Austria GmbH
Q3: WASTED TECH,11272,US,54,24.73076923076923,C Spire Fiber
Q3: WASTED TECH,16086,FI,53,59.82830188679245,DNA Oyj
Q3: WASTED TECH,1853,AT,52,24.6843137254902,ACONET
Q3: WASTED TECH,50606,PL,51,48.059090909090905,Horyzont Technologie Internetowe sp.z.o.o.
Q3: WASTED TECH,6181,US,49,32.04081632653061,Cincinnati Bell Telephone Company LLC
Q3: WASTED TECH,10753,US,49,40.9,"Level 3 Parent, LLC"
Q3: WASTED TECH,21700,US,49,55.333999999999996,"Neptune Networks, LLC"
Q3: WASTED TECH,36086,US,48,25.2625,Telx
Q3: WASTED TECH,13977,US,48,24.364583333333332,Fidium
Q3: WASTED TECH,22645,US,48,24.991666666666664,LEARN
Q3: WASTED TECH,6849,UA,47,46.71666666666667,"JSC ""Ukrtelecom"""
Q3: WASTED TECH,38794,TH,47,56.53,UIH
Q3: WASTED TECH,30517,US,47,23.58,"Missouri Network Alliance, LLC"
Q3: WASTED TECH,33662,US,44,33.40909090909091,"Comcast Cable Communications, LLC"
Q3: WASTED TECH,12271,US,44,29.60909090909091,Charter Communications Inc
Q3: WASTED TECH,31216,GB,42,53.90588235294117,BSO Network Solutions SAS
Q3: WASTED TECH,1237,KR,42,11.104761904761904,Korea Research Environment Open NETwork
Q3: WASTED TECH,10010,JP,41,50.80285714285714,TOKAI Communications Corporation
Q3: WASTED TECH,21508,US,41,14.9175,"Comcast Cable Communications, LLC"
Q3: WASTED TECH,266167,BR,38,39.06666666666667,CELERIX TECNOLOGIA DE TELECOMUNICACOES LTDA
Q3: WASTED TECH,394437,US,38,31.13684210526316,PS Lightwave
Q3: WASTED TECH,1916,BR,37,22.857142857142858,RNP - Rede Nacional de Ensino e Pesquisa
Q3: WASTED TECH,263327,BR,37,30.27027027027027,ONLINE TELECOMUNICACOES LTDA
Q3: WASTED TECH,81,US,37,41.41081081081081,MCNC
Q3: WASTED TECH,25394,DE,37,42.30571428571428,MK Netzdienste Verwaltungs GmbH trading as MK Netzdienste GmbH & Co. KG
Q3: WASTED TECH,24835,EG,36,14.28611111111111,Vodafone Egypt
Q3: WASTED TECH,17072,MX,36,36.40263157894737,"TOTAL PLAY TELECOMUNICACIONES, S.A.P.I. DE C.V."
Q3: WASTED TECH,19151,US,36,46.26797116374872,"BroadbandONE, LLC"
Q3: WASTED TECH,21219,UA,36,47.22222222222222,"PRIVATE JOINT STOCK COMPANY ""DATAGROUP"""
Q3: WASTED TECH,31261,RU,34,47.05882352941177,PJSC MegaFon
Q3: WASTED TECH,7720,US,33,16.216216216216218,Skywolf Technology LLC
Q3: WASTED TECH,16904,US,33,26.930303030303033,Arvig Enterprises Inc.
Q3: WASTED TECH,22911,US,32,14.7,"SINAP-TIX, LLC"
Q3: WASTED TECH,7004,CL,31,57.688235294117646,TELEFÓNICA CHILE S.A.
Q3: WASTED TECH,1653,EU,31,35.82903225806451,Vetenskapsrådet / SUNET
Q3: WASTED TECH,25019,SA,30,40.689655172413794,Saudi Telecom Company JSC
Q3: WASTED TECH,197103,MT,30,16.129032258064516,Ixaris Systems (Malta) Limited
Q3: WASTED TECH,20552,PL,30,47.0,Horyzont Technologie Internetowe sp.z.o.o.
Q3: WASTED TECH,3262,ES,30,58.92857142857143,"SAREnet, S.A."
Q3: WASTED TECH,40948,US,29,28.448275862068964,Stratus Networks
Q3: WASTED TECH,51465,PL,28,44.56785714285714,M3.NET Sp. z o.o. / Fixmap Group
Q3: WASTED TECH,30722,IT,27,30.01923076923077,Fastweb SpA
Q3: WASTED TECH,668,US,27,0.0,DoD High Performance Computing (Defense Research and Engineering Network)
Q3: WASTED TECH,2153,US,27,0.556,CENIC
Q3: WASTED TECH,52974,BR,26,59.03846153846154,Henet Telecomunicacoes Ltda
Q3: WASTED TECH,855,CA,26,46.400000000000006,Bell Canada
Q3: WASTED TECH,262253,PE,25,58.472,Fiberlux
Q3: WASTED TECH,61678,BR,25,45.716,NETWAY INFORMATICA LTDA
Q3: WASTED TECH,36103,US,24,57.5375,"Central Utah Telephone, Inc."
Q3: WASTED TECH,47272,US,24,35.714285714285715,HYEHOST LLC
Q3: WASTED TECH,267587,BR,24,43.18181818181818,VEL FIBRA
Q3: WASTED TECH,15108,US,24,25.0,Allo Communications LLC
Q3: WASTED TECH,198477,GR,23,59.09090909090909,TI SPARKLE GREECE SA
Q3: WASTED TECH,6848,BE,23,24.41304347826087,Telenet BV
Q3: WASTED TECH,26794,US,22,41.89545454545455,Dakota Carrier Network
Q3: WASTED TECH,25248,CZ,22,44.17619047619048,RADIOKOMUNIKACE a.s.
Q3: WASTED TECH,45049,BE,22,50.0,Mohamed El Bouddunti
Q3: WASTED TECH,22925,US,22,33.33181818181818,"Allied Telecom Group, LLC"
Q3: WASTED TECH,766,ES,22,34.89090909090909,Entidad Publica Empresarial Red.es
Q3: WASTED TECH,15290,US,21,21.11,Zayo Bandwidth
Q3: WASTED TECH,32440,US,21,24.247619047619047,Louisiana Board of Regents/Louisiana Optical Network Initiative (LONI)
Q3: WASTED TECH,264984,BR,20,46.42857142857143,CLICKIP PROVEDORES DE ACESSO LTDA
Q3: WASTED TECH,32298,US,20,11.052631578947368,Centersquare
Q3: WASTED TECH,268568,BR,20,15.0,IMPLANTAR TELECOM SOCIEDADE LIMITADA
Q3: WASTED TECH,29614,GH,20,15.0,TELECEL GHANA AS INTERNATIONAL TRANSIT
Q4: THE SWAMP,4134,CN,65119,58.779272980045796,China Telecom Backbone
Q4: THE SWAMP,4837,CN,47113,59.283891114405584,China Unicom Backbone
Q4: THE SWAMP,9002,GB,46051,59.366449384847826,RETN Limited
Q4: THE SWAMP,3216,RU,25976,57.40820939916716,Vimpelcom PJSC
Q4: THE SWAMP,12389,RU,11475,54.783213820078224,Rostelecom PJSC
Q4: THE SWAMP,52468,PA,5670,56.713675502279244,UFINET PANAMA S.A.
Q4: THE SWAMP,22652,CA,3987,54.58598774885146,Videotron Ltee
Q4: THE SWAMP,9929,CN,1748,37.683083511777305,China Unicom Industrial Internet Backbone
Q4: THE SWAMP,205794,CN,1550,53.2384892086331,JINZE YANG
Q4: THE SWAMP,52025,GB,1377,56.29558282208588,ParadoxNetworks Limited
Q4: THE SWAMP,4766,KR,1302,29.044272445820432,Korea Telecom
Q4: THE SWAMP,13786,US,1023,44.19175946547884,"Seaborn (Seabras USA, LLC)"
Q4: THE SWAMP,35598,RU,884,47.69470720720721,INETCOM CARRIER LLC
Q4: THE SWAMP,12741,PL,784,46.57286295793759,Netia SA
Q4: THE SWAMP,62255,SI,747,49.49949044585988,BiMajLink d.o.o.
Q4: THE SWAMP,6327,CA,607,42.49844720496895,Shaw Communications
Q4: THE SWAMP,9318,KR,551,12.509477756286268,SK Broadband Co Ltd
Q4: THE SWAMP,28917,LT,499,53.69451219512195,"Fiord Networks, UAB"
Q4: THE SWAMP,271253,BR,486,42.81825726141079,LINK BRASIL TELECOMUNICACOES LTDA
Q4: THE SWAMP,37662,MU,479,34.42532751091703,West Indian Ocean Cable Company (WIOCC)
Q4: THE SWAMP,2497,JP,462,57.58,Internet Initiative Japan Inc.
Q4: THE SWAMP,3326,UA,415,54.14230769230768,Datagroup PJSC
Q4: THE SWAMP,11537,US,409,52.40406504065041,Internet2
Q4: THE SWAMP,212895,DE,399,39.74959349593496,Johannes Ernst
Q4: THE SWAMP,50509,RU,393,44.74642857142857,Transroute.Net
Q4: THE SWAMP,11432,BR,313,37.054140127388536,Telium Telecomunicações Ltda
Q4: THE SWAMP,29076,RU,305,51.728911564625854,Citytelecom LLC
Q4: THE SWAMP,19551,US,300,50.8198347107438,Incapsula Inc
Q4: THE SWAMP,7474,AU,289,50.75268817204301,SingTel Optus Pty Ltd
Q4: THE SWAMP,7473,SG,289,52.662835249042146,Singapore Telecommunications Ltd
Q4: THE SWAMP,29226,RU,280,36.99390243902439,MasterTel
Q4: THE SWAMP,3255,UA,266,49.1777358490566,Ukrainian Academic and Research Network
Q4: THE SWAMP,2516,JP,259,48.397835497835494,KDDI Corporation
Q4: THE SWAMP,12912,PL,254,42.566265060240966,T-Mobile Polska S.A.
Q4: THE SWAMP,34872,BE,251,48.96666666666666,Servperso Systems
Q4: THE SWAMP,198949,IL,245,50.965503875968984,Radware
Q4: THE SWAMP,263009,BR,236,47.42326530612245,FORTE TELECOM LTDA.
Q4: THE SWAMP,8732,RU,235,23.325499999999998,JSC Comcor
Q4: THE SWAMP,13536,US,230,31.195652173913043,"FirstLight Networks, LLC"
Q4: THE SWAMP,53181,BR,227,47.399163179916314,K2 Telecom e Multimidia LTDA ME
Q4: THE SWAMP,20115,US,222,31.94072398190045,Charter Communications LLC
Q4: THE SWAMP,35320,UA,211,58.47971698113208,Eurotranstelecom Ltd
Q4: THE SWAMP,32097,US,210,59.853781512605046,"WholeSale Internet, Inc."
Q4: THE SWAMP,8881,DE,208,56.6132596685083,1&1 Versatel GmbH
Q4: THE SWAMP,263903,BR,204,45.690862944162426,INFORBARRA TELECOM
Q4: THE SWAMP,60171,ES,199,53.067027027027024,AFR-IX TELECOM S.A.
Q4: THE SWAMP,8641,RU,198,46.99636363636364,"LLC ""Nauka-Svyaz"""
Q4: THE SWAMP,262663,BR,192,42.07705882352941,METROFLEX TELECOMUNICACOES LTDA
Q4: THE SWAMP,201706,RU,192,40.07486338797814,SERVICEPIPE LLC
Q4: THE SWAMP,702,US,186,29.03641304347826,Verizon Business - EMEA
Q4: THE SWAMP,265269,BR,186,40.147894736842105,MEGA TELE INFORMATICA
Q4: THE SWAMP,1828,US,181,22.684146341463414,PacketFabric / Unitas Global
Q4: THE SWAMP,32098,US,181,45.96923076923077,Flō Networks (Transtelco Inc.)
Q4: THE SWAMP,37282,NG,181,24.148780487804878,Mainone Cable Company
Q4: THE SWAMP,15164,US,176,23.559659090909086,Unite Private Networks LLC.
Q4: THE SWAMP,52925,BR,173,50.45320512820513,Ascenty Data Centers e Telecomunicações S/A
Q4: THE SWAMP,20055,US,172,50.70813953488373,Ziply Fiber
Q4: THE SWAMP,11404,US,170,36.495999999999995,Wave Broadband
Q4: THE SWAMP,37271,ZA,167,49.301376146788996,Workonline Communications(Pty) Ltd
Q4: THE SWAMP,269096,BR,167,44.510404624277456,NORTH TECNOLOGIA
Q4: THE SWAMP,1680,IL,165,57.1754601226994,Cellcom Fixed Line Communication L.P
Q4: THE SWAMP,1820,US,163,49.85178571428572,WNET TELECOM USA Corp.
Q4: THE SWAMP,40264,US,163,31.630177514792898,Charter Communications LLC
Q4: THE SWAMP,21949,CA,162,35.27469135802469,Beanfield Technologies Inc.
Q4: THE SWAMP,21574,BR,162,33.41927710843374,Century Telecom Ltda
Q4: THE SWAMP,44324,US,153,32.48092105263157,MoeDove LLC
Q4: THE SWAMP,52573,BR,151,44.079268292682926,Une Telecom Ltda
Q4: THE SWAMP,4761,ID,145,56.74545454545454,PT Indosat Tbk
Q4: THE SWAMP,55002,US,145,51.59642857142857,"F5, Inc."
Q4: THE SWAMP,15694,PL,144,39.37517241379311,Atman Sp. z o.o.
Q4: THE SWAMP,8551,IL,140,52.475,Bezeq International Ltd.
Q4: THE SWAMP,26615,BR,140,34.027631578947364,TIM S/A
Q4: THE SWAMP,21497,UA,133,52.38613138686131,Vodafone Ukraine
Q4: THE SWAMP,17378,US,129,24.57698412698413,"TierPoint, LLC"
Q4: THE SWAMP,3573,US,125,55.94867256637168,Accenture LLP
Q4: THE SWAMP,8400,RS,125,56.3816,Telekom Srbija a.d.
Q4: THE SWAMP,28126,BR,124,38.99508196721312,BRISANET SERVICOS DE TELECOMUNICACOES S.A
Q4: THE SWAMP,12400,IL,122,55.46896551724138,Partner Communications Ltd.
Q4: THE SWAMP,41051,CH,119,16.194690265486727,Freetransit Project (Openfactory GmbH)
Q4: THE SWAMP,29169,FR,112,46.28947368421053,GANDI SAS
Q4: THE SWAMP,12357,ES,106,57.43695652173913,VODAFONE ESPANA S.A.U.
Q4: THE SWAMP,33763,MU,106,34.38333333333333,Paratus Telecommunications Limited
Q4: THE SWAMP,37613,GH,106,22.547058823529415,DOLPHIN TELECOMMUNICATION LIMITED
Q4: THE SWAMP,53356,CA,104,55.1747572815534,Free Range Cloud Hosting Inc.
Q4: THE SWAMP,199599,RU,104,43.58252427184466,"Telecom-Birzha, LLC"
Q4: THE SWAMP,2711,US,103,27.76153846153846,Spirit Communications
Q4: THE SWAMP,28716,IT,103,59.818000000000005,Retelit Digital Services S.p.A.
Q4: THE SWAMP,8772,UA,102,37.15688073394495,NetAssist LLC
Q4: THE SWAMP,33132,US,101,14.484000000000002,Zayo Bandwidth
Q4: THE SWAMP,28220,BR,100,47.14329896907216,Alares Internet
Q4: THE SWAMP,15895,UA,99,48.59090909090909,"""Kyivstar"" PJSC"
Q4: THE SWAMP,52873,BR,98,47.12142857142857,Softdados Telecomunicações
Q4: THE SWAMP,2686,US,98,21.783838383838383,"AT&T Enterprises, LLC"
Q4: THE SWAMP,44600,UA,97,50.26304347826087,"""GIGATRANS UKRAINE"", LLC"
Q4: THE SWAMP,1267,IT,97,54.62061855670103,WIND TRE S.P.A.
Q4: THE SWAMP,703,US,96,32.03263157894737,Verizon Business - APAC
Q4: THE SWAMP,209533,CH,96,12.421052631578947,iFog GmbH - BGPTunnel
Q4: THE SWAMP,268624,BR,95,58.595652173913045,Gamers Club Ltda
Q4: THE SWAMP,262907,BR,93,42.80340909090909,Brasil TecPar
Q4: THE SWAMP,11351,US,93,14.491397849462366,Charter Communications Inc
Q4: THE SWAMP,8529,AE,89,48.98160919540229,Zain Omantel International FZ-LLC
Q4: THE SWAMP,2854,RU,89,27.03777777777778,LLC Orange Business Services
Q4: THE SWAMP,27064,US,89,0.0,Defense Information Systems Agency (DISA)
Q4: THE SWAMP,12963,UA,87,46.59090909090909,"Scientific Industrial Firm ""Volz"" Ltd"
Q4: THE SWAMP,10103,HK,87,41.98095238095238,HK Broadband Network Ltd.
Q4: THE SWAMP,16637,ZA,85,35.2625,MTN SA (Bayobab)
Q4: THE SWAMP,31898,US,84,33.36931818181819,Oracle Cloud
Q4: THE SWAMP,5056,US,79,23.662337662337666,Aureon Network Services
Q4: THE SWAMP,4808,CN,78,52.28791208791208,China Unicom Beijing Province Network
Q4: THE SWAMP,28260,BR,76,39.36891891891892,ALTA REDE CORPORATE NETWORK TELECOM LTDA - EPP
Q4: THE SWAMP,265038,BR,76,34.63880597014926,TELFO SERVICO DE TELECOMUNICACOES LTDA
Q4: THE SWAMP,11426,US,75,27.807999999999993,Charter Communications Inc
Q4: THE SWAMP,35708,DE,75,14.583333333333334,4b42 UG
Q4: THE SWAMP,57724,RU,75,40.22608695652174,DDOS-GUARD LTD
Q4: THE SWAMP,29838,US,74,28.59122807017544,"Atlantic Metro Communications II, Inc."
Q4: THE SWAMP,264997,BR,73,24.358974358974358,Direct Telecom Ltda
Q4: THE SWAMP,263276,BR,73,55.12500000000001,BBG TELECOM LTDA
Q4: THE SWAMP,59692,AE,71,49.582,IQWeb FZ-LLC
Q4: THE SWAMP,33363,US,70,29.444117647058825,"Charter Communications, Inc"
Q4: THE SWAMP,8452,EG,70,22.192857142857143,Telecom Egypt
Q4: THE SWAMP,7385,US,70,34.471014492753625,Zayo (fka Allstream)
Q4: THE SWAMP,263966,BR,69,24.666666666666668,WorldWifi
Q4: THE SWAMP,207841,GB,69,27.692307692307693,Inferno Communications Ltd
Q4: THE SWAMP,8767,DE,67,48.092063492063495,M-net Telekommunikations GmbH
Q4: THE SWAMP,3754,US,67,30.84328358208955,NYSERNet
Q4: THE SWAMP,268314,BR,67,40.60545454545455,SUPORTI TELECOM
Q4: THE SWAMP,62943,US,67,29.30735294117647,"Missouri Network Alliance, LLC"
Q4: THE SWAMP,35819,SA,65,58.52615384615385,Etihad Etisalat (Mobily)
Q4: THE SWAMP,4847,CN,65,51.64848484848484,China Telecom Beijing Province Network
Q4: THE SWAMP,53115,BR,65,52.38095238095238,ISPX Solucoes em Telecomunicacoes SPE Ltda
Q4: THE SWAMP,8473,SE,65,54.7125,Bahnhof AB
Q4: THE SWAMP,35000,RU,64,30.966666666666665,"JSC ""Severen-Telecom"""
Q4: THE SWAMP,2687,US,64,25.796774193548387,"AT&T Enterprises, LLC"
Q4: THE SWAMP,306,US,64,0.0,United States Department of Defense (DoD)
Q4: THE SWAMP,262355,BR,63,36.73492063492064,VSX Networks
Q4: THE SWAMP,4515,HK,62,27.796666666666667,PCCW IMS Ltd (PCCW Business Internet Access)
Q4: THE SWAMP,6789,RU,62,32.47741935483871,CRELCOM LLC
Q4: THE SWAMP,14868,BR,61,20.455,Ligga Telecomunicações S.A.
Q4: THE SWAMP,9848,KR,61,1.660655737704918,SEJONG NETWORKS
Q4: THE SWAMP,262761,BR,60,47.88412698412698,Sinal Br Telecom Ltda
Q4: THE SWAMP,719,FI,59,50.88813559322034,Elisa Oyj
Q4: THE SWAMP,28189,BR,59,43.73015873015873,NOVVACORE
Q4: THE SWAMP,262191,CO,59,58.15806451612904,LIBERTY NETWORKS DE COLOMBIA S.A.S
Q4: THE SWAMP,25899,US,59,45.03225806451613,LS Networks
Q4: THE SWAMP,262847,BR,58,26.923076923076923,DBUG TELECOM LTDA
Q4: THE SWAMP,24724,PL,58,56.206896551724135,Atman Sp. z o.o.
Q4: THE SWAMP,26677,CA,58,59.75614035087719,ORION
Q4: THE SWAMP,12695,RU,58,32.029310344827586,LLC Digital Network
Q4: THE SWAMP,28173,BR,57,48.35322580645161,Dinamica Telecomunicacoes Ltda
Q4: THE SWAMP,28198,BR,57,47.51147540983606,SEMPRE TELECOMUNICACOES LTDA
Q4: THE SWAMP,3302,IT,56,58.028301886792455,Retelit Digital Services S.p.A.
Q4: THE SWAMP,271493,BR,56,38.46153846153846,SPEED NET PEDRA
Q4: THE SWAMP,197068,RU,55,51.92884615384616,High Load Lab (Qrator)
Q4: THE SWAMP,2860,PT,55,53.589285714285715,"NOS COMUNICACOES, S.A."
Q4: THE SWAMP,3204,EE,55,30.18867924528302,xTom OU
Q4: THE SWAMP,600,US,55,1.5145454545454544,OARnet
Q4: THE SWAMP,17922,ID,55,59.885714285714286,PT Indosat Tbk
Q4: THE SWAMP,5391,HR,54,56.12244897959184,Hrvatski Telekom d.d.
Q4: THE SWAMP,34309,DE,54,53.88297872340426,Link11 GmbH
Q4: THE SWAMP,6697,BY,53,40.68333333333334,Beltelecom
Q4: THE SWAMP,29465,NG,53,24.588709677419356,MTN NIGERIA Communication limited
Q4: THE SWAMP,54113,US,52,45.17319587628866,"Fastly, Inc."
Q4: THE SWAMP,31042,RS,52,47.16981132075472,Yettel d.o.o.
Q4: THE SWAMP,5578,SK,52,52.81379310344828,"SWAN, a.s."
Q4: THE SWAMP,49063,RU,51,32.35294117647059,Data Storage Center JSC
Q4: THE SWAMP,25180,GB,51,34.666,Exponential-E Ltd.
Q4: THE SWAMP,7342,US,51,17.824528301886794,VeriSign Infrastructure & Operations
Q4: THE SWAMP,36994,ZA,50,31.33207547169811,Vodacom
Q4: THE SWAMP,43727,RU,50,39.275999999999996,JSC KVANT-TELEKOM
Q4: THE SWAMP,11232,US,50,55.593999999999994,Midcontinent Communications
Q4: THE SWAMP,11967,EE,50,36.170212765957444,Hop179 OU
Q4: THE SWAMP,22677,US,50,25.0,Charter Communications LLC
Q4: THE SWAMP,28761,RU,50,45.528,CrimeaCom South LLC
Q4: THE SWAMP,63473,US,49,50.0,"HostHatch, LLC"
Q4: THE SWAMP,13807,US,49,30.863265306122454,Great Plains Communications LLC
Q4: THE SWAMP,27552,US,48,45.85208333333333,"TowardEX Technologies International, Inc."
Q4: THE SWAMP,45177,NZ,47,58.60208333333333,Devoli
Q4: THE SWAMP,12406,BY,47,38.13250000000001,Business Network Ltd
Q4: THE SWAMP,262999,BR,47,44.72708333333333,IVI TECNOLOGIA E COMUNICAÇÃO LTDA
Q4: THE SWAMP,4648,NZ,47,43.09574468085106,Spark New Zealand
Q4: THE SWAMP,11260,CA,46,58.27727272727273,EastLink
Q4: THE SWAMP,266409,BR,46,37.77777777777778,SECW TELECOM
Q4: THE SWAMP,53180,BR,46,35.0,INFORTEL COMUNICACOES LTDA
Q4: THE SWAMP,16713,US,45,39.038636363636364,Northwest Open Access Network
Q4: THE SWAMP,11096,US,44,26.525000000000002,FloridaNet
Q4: THE SWAMP,3561,US,44,15.911111111111111,Lumen (ex. Savvis)
Q4: THE SWAMP,52871,BR,44,42.21086956521739,TASCOM TELECOMUNICAÇÕES LTDA
Q4: THE SWAMP,4922,US,44,32.80909090909091,Shenandoah Cable Television LLC
Q4: THE SWAMP,9145,DE,44,54.215384615384615,EWE TEL GmbH
Q4: THE SWAMP,9381,HK,43,30.890697674418604,HKBN Enterprise Solutions HK Limited
Q4: THE SWAMP,46450,US,43,39.99318181818182,"Pilot Fiber, Inc."
Q4: THE SWAMP,25227,RU,43,38.13488372093023,JSC Avantel
Q4: THE SWAMP,9457,KR,43,6.620930232558139,DREAMLINE CO.
Q4: THE SWAMP,33154,US,43,28.00930232558139,DQE Communications LLC
Q4: THE SWAMP,8595,RU,42,22.15714285714286,OOO WestCall Ltd.
Q4: THE SWAMP,3816,CO,42,51.827659574468086,COLOMBIA TELECOMUNICACIONES S.A. ESP BIC
Q4: THE SWAMP,6325,US,42,41.11666666666667,Illinois Century Network
Q4: THE SWAMP,4812,CN,42,57.17727272727273,China Telecom Shanghai Province Network
Q4: THE SWAMP,35179,PL,42,56.55365853658536,Korbank S. A.
Q4: THE SWAMP,12083,US,41,34.715555555555554,WideOpenWest Finance LLC
Q4: THE SWAMP,4181,US,41,35.88333333333333,TDS TELECOM
Q4: THE SWAMP,43668,UA,41,23.509756097560974,"""AS43668"" LLC"
Q4: THE SWAMP,19332,MX,40,48.57,"Marcatel Com, S.A. de C.V."
Q4: THE SWAMP,9425,CN,40,0.0,Future Internet Technology Infrastructure (FITI)
Q4: THE SWAMP,21413,DE,40,42.82820512820513,Envia Tel GmbH
Q4: THE SWAMP,262532,BR,40,34.45945945945946,NET ONDA SERVICOS DE INTERNET LTDA
Q4: THE SWAMP,38022,NZ,39,36.34411764705882,REANNZ National Research and Education Network
Q4: THE SWAMP,21559,PR,39,23.405128205128204,OSNET
Q4: THE SWAMP,38272,CN,39,0.0,China Education and Research Network (CERNET)
Q4: THE SWAMP,12042,US,39,23.646153846153844,Fidium
Q4: THE SWAMP,53158,BR,39,40.13157894736842,Net Turbo Telecom
Q4: THE SWAMP,266445,BR,39,47.145,SEA TELECOM LTDA
Q4: THE SWAMP,48858,RU,39,40.18035714285714,"JSC ""ER-Telecom Holding"""
Q4: THE SWAMP,2200,FR,39,46.274358974358975,Renater
Q4: THE SWAMP,52587,BR,38,32.86944444444444,iFibra Telecom
Q4: THE SWAMP,262494,BR,38,32.89473684210526,Virtex Telecom
Q4: THE SWAMP,23910,CN,37,17.267567567567568,China Next Generation Internet CERNET2
Q4: THE SWAMP,34772,MK,37,46.28108108108108,NEOTEL AD Skopje
Q4: THE SWAMP,12722,RU,37,27.994594594594595,RECONN LLC
Q4: THE SWAMP,25645,US,37,39.910810810810815,"Momentum Telecom, Inc."
Q4: THE SWAMP,8422,DE,37,40.435135135135134,NetCologne
Q4: THE SWAMP,327708,RW,37,31.692307692307693,Airtel Rwanda Ltd
Q4: THE SWAMP,3112,US,37,2.3138888888888887,OARnet
Q4: THE SWAMP,214757,CZ,36,38.46153846153846,Jakub Krsa
Q4: THE SWAMP,28202,BR,36,33.556666666666665,Master Internet
Q4: THE SWAMP,13415,US,35,20.177142857142858,"FirstDigital Communications, LLC"
Q4: THE SWAMP,28158,BR,35,47.878787878787875,Ampernet Telecomunicações Ltda
Q4: THE SWAMP,12654,NL,35,57.03783783783784,RIPE NCC - RIS
Q4: THE SWAMP,10490,US,35,32.37714285714286,Georgia Institute of Technology
Q4: THE SWAMP,9905,ID,35,53.03409090909091,PT Link Net Tbk
Q4: THE SWAMP,29695,NO,35,47.35142857142858,Lyse Tele AS
Q4: THE SWAMP,293,US,35,41.245714285714286,ESnet
Q4: THE SWAMP,22974,US,34,22.55,Charter Communications LLC
Q4: THE SWAMP,13329,US,34,42.845454545454544,"Kansas Fiber Network, LLC"
Q4: THE SWAMP,22909,US,34,27.85151515151515,"Comcast Cable Communications, LLC"
Q4: THE SWAMP,50581,UA,34,43.17777777777778,Ukrainian Telecommunication Group LLC
Q4: THE SWAMP,5384,AE,34,49.379411764705885,EMIRATES TELECOMMUNICATIONS GROUP COMPANY (ETISALAT GROUP) PJSC
Q4: THE SWAMP,30036,US,34,23.529411764705884,Mediacom Communications Corp
Q4: THE SWAMP,393577,US,34,40.7764705882353,Tritan Development
Q4: THE SWAMP,263629,BR,34,56.82571428571429,VIBRA ARTEFATOS LTDA
Q4: THE SWAMP,37061,KE,34,2.9411764705882355,Safaricom Limited
Q4: THE SWAMP,52840,BR,34,48.148148148148145,UFINET BRASIL S.A.
Q4: THE SWAMP,11492,US,34,24.58235294117647,"CABLE ONE, INC."
Q4: THE SWAMP,31117,SK,34,46.18333333333333,ENERGOTEL a.s.
Q4: THE SWAMP,16302,FI,34,58.800000000000004,Suomi Communications Oy
Q4: THE SWAMP,5488,BE,33,39.39393939393939,Proximus NV
Q4: THE SWAMP,263073,BR,33,30.303030303030305,DTEL TELECOM
Q4: THE SWAMP,7782,US,33,17.94242424242424,"Alaska Communications Systems Group, Inc."
Q4: THE SWAMP,273478,BR,33,43.05416666666667,Sage Networks
Q4: THE SWAMP,12213,US,33,27.764705882352942,Centersquare
Q4: THE SWAMP,8283,NL,33,41.07142857142857,Netwerkvereniging Coloclue
Q4: THE SWAMP,4213,US,33,52.660000000000004,Krypt Technologies
Q4: THE SWAMP,40850,US,33,31.03448275862069,UPIX NETWORKS INTERNATIONAL LLC
Q4: THE SWAMP,19754,US,33,18.91470588235294,"The Fusion Network, LLC"
Q4: THE SWAMP,266181,BR,32,29.6875,GOLDEN LINK
Q4: THE SWAMP,23404,US,32,24.576666666666664,Ritter Communications
Q4: THE SWAMP,17054,US,32,22.603125,Expedient
Q4: THE SWAMP,3327,NL,32,56.25,CITIC Telecom CPC Netherlands B.V.
Q4: THE SWAMP,8470,RU,32,21.634375,JSC Macomnet
Q4: THE SWAMP,29314,PL,32,50.0,VECTRA S.A.
Q4: THE SWAMP,21050,KW,32,41.665625,Fast Communication Company Ltd
Q4: THE SWAMP,10310,US,31,0.0,Yahoo Holdings Inc.
Q4: THE SWAMP,237,US,31,50.406451612903226,Merit Network Inc.
Q4: THE SWAMP,61745,BR,31,50.270967741935486,NBS Telecom
Q4: THE SWAMP,327782,ZA,31,53.794160583941604,Metrofibre Networx
Q4: THE SWAMP,3737,US,31,47.28064516129032,PenTeleData Inc.
Q4: THE SWAMP,37084,TZ,31,21.428571428571427,Simbanet (T) Limited
Q4: THE SWAMP,273683,BR,31,52.34375,ALLREDE TELECOM LTDA
Q4: THE SWAMP,263269,BR,31,39.193548387096776,RAGTEK TECNOLOGIA
Q4: THE SWAMP,4538,CN,31,34.693548387096776,China Education and Research Network Center
Q4: THE SWAMP,8374,PL,30,40.0,Polkomtel Sp. z o.o.
Q4: THE SWAMP,13110,PL,30,43.333333333333336,INEA sp. z o.o.
Q4: THE SWAMP,9341,ID,30,55.276666666666664,PT Indonesia Comnets Plus
Q4: THE SWAMP,269595,BR,30,42.04545454545455,VGRNET INFORMATICA LTDA
Q4: THE SWAMP,13789,US,30,7.790322580645161,Unitas Global
Q4: THE SWAMP,1241,GR,30,45.873333333333335,Nova Telecommunications & Media Single Member S.A
Q4: THE SWAMP,55256,US,30,45.38947368421052,Netskope Inc
Q4: THE SWAMP,264293,BR,30,37.06896551724138,Smart Solucoes em Telecomunicacoes
Q4: THE SWAMP,16097,DE,30,58.92857142857143,HL komm Telekommunikations GmbH
Q4: THE SWAMP,19905,US,30,42.166666666666664,Arbor Cloud
Q4: THE SWAMP,38757,ID,30,42.776666666666664,PT Indonesia Comnets Plus
Q4: THE SWAMP,27066,US,30,0.0,United States Department of Defense (DoD)
Q4: THE SWAMP,267469,BR,30,48.92962962962962,W8 Telecom Ltda - ME
Q4: THE SWAMP,11758,US,30,38.989999999999995,IRIS Networks
Q4: THE SWAMP,266525,BR,29,44.246428571428574,Eurocorp Vialux Internet Eireli
Q4: THE SWAMP,327693,ZA,29,36.36363636363637,Echotel Pty Ltd
Q4: THE SWAMP,10242,US,29,40.322222222222216,US Internet Corp
Q4: THE SWAMP,21473,DE,29,41.332,PFALZKOM GmbH
Q4: THE SWAMP,15958,RS,28,53.75714285714285,CETIN Ltd. Belgrade
Q4: THE SWAMP,23352,US,28,41.34444444444445,DEFT.COM
Q4: THE SWAMP,14265,US,28,3.5714285714285716,TPx Communications
Q4: THE SWAMP,50309,BE,28,47.59285714285714,Arcadiz Telecom NV
Q4: THE SWAMP,264288,BR,28,30.208333333333332,GNET PROVEDOR
Q4: THE SWAMP,8492,RU,28,44.642857142857146,"""OBIT"" Ltd."
Q4: THE SWAMP,34718,UZ,28,48.78214285714286,"""IST TELEKOM"" JV LLC"
Q4: THE SWAMP,16905,US,28,38.114285714285714,LEARN
Q4: THE SWAMP,265482,BR,27,37.5,NET EXPRESS BRASIL LTDA - ME
Q4: THE SWAMP,13999,MX,27,40.8074074074074,"Mega Cable, S.A. de C.V."
Q4: THE SWAMP,25956,US,27,18.766666666666666,Logix
Q4: THE SWAMP,2381,US,27,37.50714285714286,WiscNet
Q4: THE SWAMP,55140,US,27,33.407407407407405,"Sho Me Technologies, LLC"
Q4: THE SWAMP,53065,BR,27,31.818181818181817,Opcao Telecom
Q4: THE SWAMP,29909,CA,26,33.2,Metro Optic
Q4: THE SWAMP,10834,AR,26,57.1675,Telefonica de Argentina
Q4: THE SWAMP,8985,RU,26,53.33461538461539,"Join-stock company ""Internet Exchange""MSK-IX"""
Q4: THE SWAMP,10430,US,26,59.61538461538461,Washington State K-20 Telecommunications Network
Q4: THE SWAMP,265442,BR,26,53.84615384615385,VISUAL LINK COMUNICACOES MULTIMIDIA LTDA - ME
Q4: THE SWAMP,9063,DE,26,53.75384615384615,VSE NET GmbH
Q4: THE SWAMP,41039,RU,26,50.0,"Timer, LLC"
Q4: THE SWAMP,263558,BR,26,30.86296296296296,Grupo Jet
Q4: THE SWAMP,9255,SG,25,11.978125,Singapore Telecom
Q4: THE SWAMP,26744,US,25,32.768,"Planters Communications, LLC"
Q4: THE SWAMP,12337,DE,25,52.8,noris network AG
Q4: THE SWAMP,36149,US,25,14.888,"Hawaiian Telcom Services Company, Inc."
Q4: THE SWAMP,20119,CA,25,53.2,Arrow Group Inc.
Q4: THE SWAMP,14051,US,25,37.266666666666666,Fidium
Q4: THE SWAMP,12831,PL,25,29.715999999999998,"Technical University of Gdansk, Academic Computer Center TASK"
Q4: THE SWAMP,263998,BR,25,30.86923076923077,SIM FIBRA
Q4: THE SWAMP,15525,PT,25,34.0,MEO - SERVICOS DE COMUNICACOES E MULTIMEDIA S.A.
Q4: THE SWAMP,139883,SG,25,23.299999999999997,SPTEL PTE. LTD.
Q4: THE SWAMP,21320,NL,24,51.458333333333336,GEANT Vereniging
Q4: THE SWAMP,265377,BR,24,59.61538461538461,FLASH NET TELECOMUNICACOES LTDA - ME
Q4: THE SWAMP,12703,GB,24,23.333333333333332,Pulsant (Scotland) Ltd
Q4: THE SWAMP,26827,US,24,20.866666666666667,EPB Fiber Optics
Q4: THE SWAMP,8047,US,24,15.968,"GENERAL COMMUNICATION, INC."
Q4: THE SWAMP,803,CA,24,52.19583333333333,Saskatchewan Telecommunications
Q4: THE SWAMP,396926,US,24,12.5,C Spire Fiber
Q4: THE SWAMP,36873,NG,24,34.61538461538461,Airtel Networks Limited
Q4: THE SWAMP,24637,DE,24,8.929166666666667,WEBDISCOUNT GmbH & Co. KG
Q4: THE SWAMP,265061,BR,24,45.45454545454545,GC NET
Q4: THE SWAMP,5580,NL,24,23.905263157894737,GTT Communications (APAC)
Q4: THE SWAMP,61758,BR,24,28.333333333333332,TOP NET SERVIÇOS LTDA
Q4: THE SWAMP,16347,FR,24,59.35833333333333,ADISTA SAS
Q4: THE SWAMP,57681,RU,23,24.05454545454546,PJSC Moscow city telephone network
Q4: THE SWAMP,1887,PL,23,50.0,NAUKOWA I AKADEMICKA SIEC KOMPUTEROWA - PANSTWOWY INSTYTUT BADAWCZY
Q4: THE SWAMP,11776,US,23,28.569565217391304,Breezeline
Q4: THE SWAMP,21299,KZ,23,43.47826086956522,Kar-Tel LLC
Q4: THE SWAMP,136907,HK,23,46.338235294117645,Huawei Cloud
Q4: THE SWAMP,265144,BR,23,35.0,MCD INFORMATICA E TELECOMUNICACOES LTDA - ME
Q4: THE SWAMP,29670,DE,23,47.82608695652174,"Individual Network Berlin (""IN-Berlin"") e.V."
Q4: THE SWAMP,27693,BR,23,24.538888888888888,NipBr - NipCable do Brasil Telecom LTDA
Q4: THE SWAMP,23201,PY,23,47.82608695652174,TIGO Paraguay
Q4: THE SWAMP,13489,CO,23,44.926086956521736,EPM Telecomunicaciones S.A. E.S.P.
Q4: THE SWAMP,265290,BR,23,39.130434782608695,Uplink Telecom
Q4: THE SWAMP,60330,BY,23,42.88695652173913,Belarusian Cloud Technologies LLC
Q4: THE SWAMP,18450,US,23,55.73478260869565,"WebNX, Inc."
Q4: THE SWAMP,10835,US,23,50.84782608695652,Visionary Communications LLC
Q4: THE SWAMP,22742,US,23,30.47826086956522,Connecticut Education Network
Q4: THE SWAMP,7311,CA,23,43.04545454545455,Frontier Networks Inc
Q4: THE SWAMP,42781,KW,23,44.926086956521736,Zajil International Telecom Company KSCC
Q4: THE SWAMP,19752,CA,23,18.18695652173913,Hydro One Telecom Inc.
Q4: THE SWAMP,28649,BR,22,34.375,Desktop Sigmanet Comunicação Multimídia SA
Q4: THE SWAMP,20141,US,22,5.036363636363636,"Quality Technology Services, LLC"
Q4: THE SWAMP,327992,GH,22,0.0,Ghanaian Academic and Research Network
Q4: THE SWAMP,786,GB,22,25.136363636363637,Jisc Services Limited
Q4: THE SWAMP,61138,US,22,59.09090909090909,Zappie Host LLC
Q4: THE SWAMP,39153,RU,22,16.666666666666668,"JOINT-STOCK COMPANY ""TELEPORT TELECOM"""
Q4: THE SWAMP,8001,US,22,31.581818181818186,"Cologix, Inc"
Q4: THE SWAMP,34867,UA,22,50.90909090909091,Cosmonova LLC
Q4: THE SWAMP,12200,US,22,11.904545454545454,Rackspace Hosting
Q4: THE SWAMP,9038,JO,22,31.818181818181817,Al Bahrainia al Urdunia Liltaknia Wa Alitisalat Plc. Co
Q4: THE SWAMP,52928,BR,22,30.681818181818183,Nortetel Telecomunicações LTDA
Q4: THE SWAMP,6922,US,22,15.47272727272727,Texas Department of Information Resources
Q4: THE SWAMP,10396,PR,21,9.819047619047618,"DATACOM CARIBE, INC."
Q4: THE SWAMP,197453,RU,21,52.38095238095238,Biz Telecom LLC
Q4: THE SWAMP,23314,US,21,5.0,Summit Broadband
Q4: THE SWAMP,49808,AT,21,57.10952380952381,Energie AG Oberoesterreich Services und Digital Solutions GmbH
Q4: THE SWAMP,48347,RU,21,53.91818181818182,JSC Mediasoft ekspert
Q4: THE SWAMP,45250,TW,21,57.33043478260869,Vocom International Telecommunications AP Area
Q4: THE SWAMP,23838,NZ,21,45.36363636363637,Solarix Networks Limited
Q4: THE SWAMP,41998,DE,21,53.480952380952374,NetCom BW GmbH
Q4: THE SWAMP,44684,GB,21,57.142857142857146,Mythic Beasts Ltd
Q4: THE SWAMP,29405,SK,21,45.23809523809524,VNET a.s.
Q4: THE SWAMP,262773,BR,21,30.835,Proxxima Telecomunicações
Q4: THE SWAMP,15695,NL,21,31.933333333333334,Expereo International BV
Q4: THE SWAMP,47626,RU,21,20.678947368421053,"Timer, LLC"
Q4: THE SWAMP,7843,US,20,47.935,Charter Communications Inc
Q4: THE SWAMP,51964,US,20,40.78947368421053,ORANGE BUSINESS SERVICES U.S. Inc.
Q4: THE SWAMP,265023,BR,20,52.63157894736842,TMK NET LTDA
Q4: THE SWAMP,264144,BR,20,16.666666666666668,ASAP GLOBAL TELECOM
Q4: THE SWAMP,264562,BR,20,39.705882352941174,Texnet
Q4: THE SWAMP,53102,BR,20,41.66923076923077,Sitel Telecomunicacoes
Q4: THE SWAMP,6208,PR,20,42.98421052631579,FiberX
Q4: THE SWAMP,37148,NG,20,16.461904761904762,Globacom Limited
Q4: THE SWAMP,15808,KE,20,10.0,NTT DATA (Dimension Data)
Q4: THE SWAMP,266583,BR,20,51.7,Telxe
Q4: THE SWAMP,41108,DE,20,40.0,comtrance service GmbH
Q4: THE SWAMP,2734,US,20,21.645,CoreSite
Q4: THE SWAMP,7381,US,20,0.0,"BroadbandONE, LLC"
Q4: THE SWAMP,38040,TH,20,54.25,TOT Public Company Limited
Q4: THE SWAMP,30990,DJ,20,57.21764705882353,Djibouti Telecom SA
Q4: THE SWAMP,7992,CA,20,36.578947368421055,Cogeco Connexion Inc.
Q4: THE SWAMP,207252,DE,20,40.0,Felix Gassan
Q4: THE SWAMP,12586,DE,20,58.31428571428571,GHOSTnet GmbH
Q4: THE SWAMP,8368,BE,20,50.0,Dstny BE N.V.
Q4: THE SWAMP,27065,US,20,0.0,United States Department of Defense (DoD)
